LocalTimestamp,EA
1659520874.751954,1.007397
1659520874.819029,1.18367
1659520874.885593,1.166046
1659520874.95318,1.134762
1659520875.020767,1.125852
1659520875.086307,1.127487
1659520875.153894,1.147903
1659520875.221482,1.146537
1659520875.287021,1.134532
1659520875.353072,1.13077
1659520875.419123,1.131594
1659520875.485687,1.124313
1659520875.55225,1.109633
1659520875.620862,1.097178
1659520875.686913,1.082858
1659520875.752964,1.075361
1659520875.819527,1.074741
1659520875.887115,1.072679
1659520875.954702,1.080513
1659520876.020241,1.089015
1659520876.086293,1.094944
1659520876.152344,1.093488
1659520876.219931,1.092249
1659520876.285983,1.095158
1659520876.352034,1.105115
1659520876.418085,1.127668
1659520876.484137,1.142835
1659520876.551724,1.14419
1659520876.617775,1.143722
1659520876.683827,1.144565
1659520876.747318,1.144238
1659520876.814905,1.145128
1659520876.882493,1.147619
1659520876.949056,1.156928
1659520877.015107,1.141901
1659520877.081158,1.115209
1659520877.148746,1.110778
1659520877.216333,1.107566
1659520877.283921,1.10372
1659520877.34946,1.106997
1659520877.414999,1.108005
1659520877.483611,1.107216
1659520877.550174,1.111485
1659520877.616737,1.121518
1659520877.680228,1.125581
1659520877.74628,1.119632
1659520877.812331,1.118242
1659520877.880943,1.124494
1659520877.947506,1.130999
1659520878.014069,1.13481
1659520878.080632,1.136563
1659520878.14822,1.137672
1659520878.215807,1.140178
1659520878.282371,1.142647
1659520878.348934,1.144517
1659520878.415497,1.147477
1659520878.483085,1.149836
1659520878.550672,1.149318
1659520878.615187,1.147903
1659520878.681239,1.148375
1659520878.74729,1.150737
1659520878.815901,1.15468
1659520878.882465,1.159662
1659520878.949028,1.161494
1659520879.012519,1.161734
1659520879.080106,1.160913
1659520879.147694,1.157788
1659520879.214257,1.156975
1659520879.280308,1.156257
1659520879.34636,1.156257
1659520879.413435,1.157213
1659520879.48051,1.159567
1659520879.547074,1.162555
1659520879.612613,1.163863
1659520879.678152,1.162361
1659520879.74574,1.159999
1659520879.812303,1.160094
1659520879.878866,1.161253
1659520879.942358,1.162749
1659520880.008921,1.162603
1659520880.075484,1.161734
1659520880.143072,1.160288
1659520880.209635,1.158126
1659520880.276198,1.156878
1659520880.342762,1.152824
1659520880.409325,1.146442
1659520880.476912,1.143535
1659520880.543476,1.144004
1659520880.610039,1.146159
1659520880.67609,1.149791
1659520880.742142,1.149979
1659520880.810753,1.135454
1659520880.876804,1.108489
1659520880.942856,1.106121
1659520881.007371,1.126896
1659520881.074446,1.133107
1659520881.141522,1.134027
1659520881.209109,1.131274
1659520881.275672,1.128625
1659520881.342236,1.127941
1659520881.409823,1.127533
1659520881.476898,1.128943
1659520881.543974,1.128487
1659520881.610537,1.127214
1659520881.6771,1.125218
1659520881.744688,1.123455
1659520881.811251,1.121518
1659520881.877815,1.119272
1659520881.941306,1.116768
1659520882.007869,1.113078
1659520882.074432,1.110028
1659520882.14202,1.108928
1659520882.207559,1.10739
1659520882.273098,1.105594
1659520882.337613,1.104284
1659520882.405201,1.103109
1659520882.472788,1.101415
1659520882.53901,1.098731
1659520882.605232,1.094601
1659520882.671454,1.091055
1659520882.739042,1.088549
1659520882.805093,1.085801
1659520882.871144,1.083528
1659520882.937707,1.082815
1659520883.004783,1.081684
1659520883.071858,1.080139
1659520883.137909,1.078971
1659520883.203961,1.078056
1659520883.267452,1.076976
1659520883.334527,1.075567
1659520883.401603,1.073832
1659520883.468166,1.07198
1659520883.534217,1.070173
1659520883.600269,1.068702
1659520883.667856,1.067925
1659520883.734931,1.06658
1659520883.802007,1.065444
1659520883.867546,1.064591
1659520883.935133,1.063498
1659520884.002721,1.06269
1659520884.069796,1.061882
1659520884.136872,1.061036
1659520884.201387,1.06011
1659520884.26795,1.059669
1659520884.334513,1.059106
1659520884.403125,1.058225
1659520884.468664,1.056305
1659520884.534203,1.053877
1659520884.600767,1.052607
1659520884.668866,1.052212
1659520884.736965,1.050708
1659520884.802505,1.049604
1659520884.869068,1.049407
1659520884.935632,1.047912
1659520885.002707,1.045795
1659520885.069782,1.044467
1659520885.135321,1.043142
1659520885.201373,1.043065
1659520885.267424,1.042287
1659520885.336035,1.042053
1659520885.402087,1.042093
1659520885.468138,1.042598
1659520885.531629,1.043142
1659520885.598705,1.043103
1659520885.66578,1.042637
1659520885.732343,1.043181
1659520885.798907,1.043844
1659520885.86547,1.044234
1659520885.932033,1.044389
1659520885.998597,1.045365
1659520886.06516,1.046421
1659520886.131211,1.047873
1659520886.197263,1.048227
1659520886.26485,1.047559
1659520886.331925,1.047363
1659520886.399001,1.047598
1659520886.462492,1.04866
1659520886.529055,1.049604
1659520886.595618,1.050195
1659520886.662182,1.050828
1659520886.728745,1.05134
1659520886.795308,1.051578
1659520886.862896,1.051854
1659520886.930483,1.052527
1659520886.997046,1.051974
1659520887.064122,1.050866
1659520887.131197,1.050471
1659520887.197761,1.050393
1659520887.265348,1.049841
1659520887.332935,1.049366
1659520887.39745,1.050432
1659520887.464014,1.049722
1659520887.530577,1.046813
1659520887.599189,1.044623
1659520887.66524,1.042519
1659520887.731291,1.041083
1659520887.797343,1.039419
1659520887.863394,1.037838
1659520887.930469,1.036607
1659520887.997545,1.035684
1659520888.064108,1.034917
1659520888.130671,1.033693
1659520888.197235,1.033081
1659520888.26431,1.032242
1659520888.331385,1.031747
1659520888.396924,1.031444
1659520888.464,1.031177
1659520888.531075,1.031215
1659520888.595591,1.03034
1659520888.66113,1.029467
1659520888.726669,1.029695
1659520888.79528,1.028219
1659520888.861844,1.025579
1659520888.928407,1.023851
1659520888.993946,1.022989
1659520889.059486,1.021867
1659520889.126049,1.020973
1659520889.193124,1.019891
1659520889.2602,1.019074
1659520889.325739,1.018517
1659520889.392302,1.017294
1659520889.458866,1.015557
1659520889.526453,1.013974
1659520889.592504,1.012615
1659520889.658556,1.011187
1659520889.726143,1.00958
1659520889.793218,1.008743
1659520889.860294,1.007797
1659520889.924809,1.006093
1659520889.99086,1.004647
1659520890.056912,1.003673
1659520890.125011,1.002557
1659520890.19311,1.001695
1659520890.259674,1.000404
1659520890.326237,0.999261
1659520890.3928,0.99812
1659520890.460388,0.997512
1659520890.527975,0.997052
1659520890.595562,0.996518
1659520890.661102,0.996482
1659520890.728177,0.995454
1659520890.795253,0.993402
1659520890.860792,0.993932
1659520890.926331,0.995666
1659520890.99187,0.995666
1659520891.058434,0.993895
1659520891.124997,0.992274
1659520891.193609,0.991043
1659520891.25966,0.989604
1659520891.325711,0.98894
1659520891.392274,0.988449
1659520891.45935,0.987369
1659520891.526425,0.987158
1659520891.591964,0.986427
1659520891.658528,0.98535
1659520891.725091,0.984413
1659520891.791654,0.982993
1659520891.857706,0.982268
1659520891.923757,0.981544
1659520891.989808,0.980752
1659520892.05586,0.980339
1659520892.124471,0.980545
1659520892.190522,0.9812
1659520892.256574,0.981165
1659520892.320065,0.981405
1659520892.388164,0.980236
1659520892.456264,0.978179
1659520892.522827,0.975313
1659520892.588878,0.974123
1659520892.65493,0.97358
1659520892.722517,0.97358
1659520892.789592,0.974394
1659520892.856668,0.972361
1659520892.922207,0.971044
1659520892.987746,0.97243
1659520893.056358,0.972699
1659520893.122921,0.971719
1659520893.189484,0.97091
1659520893.252975,0.970707
1659520893.320051,0.970236
1659520893.387126,0.970504
1659520893.454714,0.971381
1659520893.522301,0.971753
1659520893.58784,0.971247
1659520893.654916,0.970673
1659520893.721991,0.970034
1659520893.789578,0.969529
1659520893.85563,0.969192
1659520893.921681,0.968319
1659520893.988244,0.967114
1659520894.054808,0.966245
1659520894.123419,0.966045
1659520894.188958,0.966446
1659520894.254498,0.967314
1659520894.319013,0.968319
1659520894.385576,0.969428
1659520894.452139,0.970707
1659520894.518703,0.97226
1659520894.585266,0.974054
1659520894.651829,0.976402
1659520894.719417,0.979172
1659520894.78598,0.981405
1659520894.852544,0.983858
1659520894.919107,0.987194
1659520894.98567,0.989639
1659520895.053257,0.99164
1659520895.119821,0.993155
1659520895.186384,0.995311
1659520895.249875,0.997015
1659520895.316439,0.998369
1659520895.383002,0.99976
1659520895.450589,1.000834
1659520895.516129,1.001802
1659520895.581668,1.003313
1659520895.648231,1.004575
1659520895.714795,1.00508
1659520895.782382,1.005369
1659520895.848433,1.005947
1659520895.914485,1.006382
1659520895.982072,1.007034
1659520896.049147,1.00776
1659520896.116223,1.008706
1659520896.181762,1.009726
1659520896.248837,1.010894
1659520896.315913,1.011881
1659520896.384524,1.012541
1659520896.450575,1.012908
1659520896.516627,1.0139
1659520896.58319,1.014636
1659520896.649753,1.01357
1659520896.715293,1.01379
1659520896.781856,1.015078
1659520896.848419,1.015852
1659520896.914983,1.017184
1659520896.982058,1.018629
1659520897.049133,1.019817
1659520897.115697,1.020562
1659520897.18226,1.022054
1659520897.248823,1.023551
1659520897.316411,1.025315
1659520897.382462,1.026557
1659520897.448513,1.027652
1659520897.514565,1.028635
1659520897.580616,1.029925
1659520897.645131,1.031177
1659520897.71067,1.032472
1659520897.77621,1.03312
1659520897.843797,1.034228
1659520897.910872,1.035569
1659520897.977948,1.036414
1659520898.045535,1.037106
1659520898.111587,1.03726
1659520898.177638,1.037914
1659520898.244713,1.038493
1659520898.311789,1.039961
1659520898.377328,1.041006
1659520898.442867,1.04116
1659520898.510454,1.041937
1659520898.577018,1.042248
1659520898.643581,1.042637
1659520898.708096,1.042753
1659520898.774148,1.043414
1659520898.840199,1.043492
1659520898.907274,1.042676
1659520898.97435,1.043181
1659520899.040913,1.044039
1659520899.107988,1.044116
1659520899.175064,1.044857
1659520899.242651,1.046187
1659520899.309214,1.047873
1659520899.375778,1.05134
1659520899.441317,1.053836
1659520899.508904,1.05527
1659520899.576492,1.056625
1659520899.642031,1.058225
1659520899.708082,1.059507
1659520899.774134,1.060512
1659520899.840697,1.06164
1659520899.90726,1.062811
1659520899.975872,1.064144
1659520900.041411,1.064916
1659520900.10695,1.065647
1659520900.174538,1.06646
1659520900.241613,1.067315
1659520900.308688,1.068006
1659520900.374228,1.069028
1659520900.441303,1.069846
1659520900.508379,1.070994
1659520900.575966,1.072143
1659520900.641505,1.072062
1659520900.707044,1.073215
1659520900.773608,1.07441
1659520900.840171,1.074741
1659520900.907758,1.076271
1659520900.973298,1.077391
1659520901.038837,1.077474
1659520901.102328,1.076313
1659520901.169915,1.077433
1659520901.237503,1.078512
1659520901.304066,1.079388
1659520901.37063,1.080596
1659520901.437193,1.081266
1659520901.504268,1.0811
1659520901.571344,1.081475
1659520901.637907,1.082689
1659520901.70447,1.083361
1659520901.771034,1.083151
1659520901.839645,1.0811
1659520901.905696,1.080304
1659520901.971748,1.082229
1659520902.036263,1.083824
1659520902.103338,1.08538
1659520902.170413,1.088337
1659520902.239025,1.094129
1659520902.304564,1.101631
1659520902.370104,1.106646
1659520902.437691,1.107829
1659520902.504766,1.109368
1659520902.571842,1.112546
1659520902.638405,1.11472
1659520902.704968,1.117171
1659520902.771532,1.119138
1659520902.839119,1.122011
1659520902.906706,1.126305
1659520902.971222,1.129812
1659520903.037785,1.132235
1659520903.104348,1.134948
1659520903.17296,1.137627
1659520903.238499,1.138691
1659520903.304038,1.138646
1659520903.368553,1.138506
1659520903.4358,1.136331
1659520903.503046,1.134717
1659520903.570292,1.133567
1659520903.636855,1.136702
1659520903.70393,1.139945
1659520903.771006,1.141481
1659520903.837569,1.140549
1659520903.90362,1.140316
1659520903.969671,1.141667
1659520904.035211,1.142835
1659520904.101774,1.142835
1659520904.168338,1.142928
1659520904.233877,1.143162
1659520904.299416,1.142928
1659520904.368027,1.143209
1659520904.434591,1.143535
1659520904.501154,1.143957
1659520904.566693,1.144517
1659520904.633769,1.144893
1659520904.700844,1.145973
1659520904.768431,1.147571
1659520904.834483,1.149222
1659520904.900534,1.146726
1659520904.968122,1.137904
1659520905.034685,1.13809
1659520905.101248,1.13707
1659520905.1673,1.134579
1659520905.233351,1.135454
1659520905.300938,1.13527
1659520905.368013,1.13421
1659520905.435089,1.134072
1659520905.499604,1.133291
1659520905.565655,1.131731
1659520905.631707,1.130131
1659520905.700318,1.127578
1659520905.767394,1.125354
1659520905.834469,1.1235
1659520905.901032,1.121607
1659520905.968107,1.11981
1659520906.035183,1.118377
1659520906.101746,1.117348
1659520906.168309,1.11708
1659520906.234873,1.116457
1659520906.301948,1.114541
1659520906.369024,1.11206
1659520906.433539,1.109368
1659520906.499078,1.108049
1659520906.564617,1.106733
1659520906.633229,1.098386
1659520906.69928,1.082103
1659520906.765332,1.077266
1659520906.831895,1.077931
1659520906.897946,1.081601
1659520906.963997,1.084159
1659520907.031073,1.085717
1659520907.098148,1.086351
1659520907.163687,1.087744
1659520907.230763,1.087109
1659520907.297838,1.082815
1659520907.363377,1.081894
1659520907.429429,1.083404
1659520907.49548,1.084832
1659520907.563067,1.08673
1659520907.629631,1.088337
1659520907.696194,1.094471
1659520907.760709,1.105726
1659520907.826761,1.106208
1659520907.892812,1.108005
1659520907.960911,1.110911
1659520908.029011,1.110514
1659520908.095574,1.109501
1659520908.162137,1.109192
1659520908.228701,1.109633
1659520908.296288,1.109941
1659520908.362339,1.110249
1659520908.428391,1.110425
1659520908.495978,1.110161
1659520908.562541,1.110204
1659520908.629105,1.110382
1659520908.694644,1.110603
1659520908.761207,1.109984
1659520908.82777,1.109763
1659520908.894334,1.109809
1659520908.959873,1.107216
1659520909.026948,1.104416
1659520909.094024,1.103457
1659520909.160587,1.103675
1659520909.22715,1.104025
1659520909.294738,1.104067
1659520909.360789,1.104067
1659520909.426841,1.102761
1659520909.493404,1.10085
1659520909.559967,1.100028
1659520909.62653,1.099422
1659520909.695142,1.098818
1659520909.760681,1.09804
1659520909.826221,1.097221
1659520909.892784,1.096489
1659520909.959347,1.095845
1659520910.023862,1.095673
1659520910.090426,1.095373
1659520910.156989,1.095373
1659520910.223552,1.09503
1659520910.290116,1.096318
1659520910.356679,1.096619
1659520910.423242,1.096489
1659520910.489806,1.094558
1659520910.556369,1.093274
1659520910.623956,1.093701
1659520910.690008,1.092975
1659520910.756059,1.09212
1659520910.822622,1.091951
1659520910.889186,1.092205
1659520910.953701,1.092804
1659520911.01924,1.093317
1659520911.08478,1.094386
1659520911.153391,1.094558
1659520911.220466,1.094087
1659520911.287542,1.09306
1659520911.355129,1.092463
1659520911.421692,1.092334
1659520911.488256,1.092079
1659520911.555843,1.091738
1659520911.622406,1.08961
1659520911.68897,1.089227
1659520911.754509,1.089186
1659520911.821584,1.088591
1659520911.88866,1.088803
1659520911.954199,1.088974
1659520912.019738,1.08944
1659520912.08835,1.091098
1659520912.154913,1.091268
1659520912.221476,1.090502
1659520912.285991,1.089779
1659520912.352555,1.088294
1659520912.419118,1.087321
1659520912.486706,1.086435
1659520912.553269,1.085548
1659520912.619832,1.084622
1659520912.685884,1.083614
1659520912.751935,1.082689
1659520912.819522,1.081684
1659520912.885574,1.080932
1659520912.951625,1.080431
1659520913.019212,1.079388
1659520913.085263,1.078512
1659520913.151315,1.077931
1659520913.21583,1.077806
1659520913.281369,1.076976
1659520913.346909,1.076147
1659520913.414496,1.075361
1659520913.481571,1.074161
1659520913.548647,1.072679
1659520913.614698,1.071486
1659520913.680749,1.070378
1659520913.748337,1.069396
1659520913.815924,1.068211
1659520913.883512,1.067315
1659520913.950075,1.066744
1659520914.016638,1.065931
1659520914.083201,1.0652
1659520914.148741,1.064347
1659520914.21428,1.063538
1659520914.279819,1.062931
1659520914.348431,1.062528
1659520914.414994,1.06148
1659520914.481557,1.060432
1659520914.548121,1.059829
1659520914.614684,1.059227
1659520914.681247,1.058505
1659520914.748835,1.057744
1659520914.816422,1.057144
1659520914.882985,1.056585
1659520914.949549,1.056266
1659520915.016112,1.056026
1659520915.082675,1.056225
1659520915.149239,1.056585
1659520915.215802,1.056865
1659520915.281853,1.057304
1659520915.347905,1.056625
1659520915.416516,1.055946
1659520915.483079,1.055946
1659520915.549643,1.056305
1659520915.613134,1.056824
1659520915.680721,1.057065
1659520915.748309,1.058545
1659520915.814872,1.060512
1659520915.881435,1.060875
1659520915.946975,1.060392
1659520916.01405,1.059548
1659520916.081125,1.057624
1659520916.147689,1.056704
1659520916.213228,1.056266
1659520916.278767,1.055867
1659520916.346355,1.055867
1659520916.412918,1.056585
1659520916.479481,1.057584
1659520916.545021,1.058867
1659520916.61056,1.060312
1659520916.676099,1.060553
1659520916.743686,1.060795
1659520916.811274,1.063296
1659520916.876813,1.068294
1659520916.943888,1.071733
1659520917.010964,1.074492
1659520917.078551,1.078181
1659520917.145115,1.081475
1659520917.211678,1.083655
1659520917.278241,1.085717
1659520917.345829,1.086097
1659520917.413416,1.087237
1659520917.477931,1.089186
1659520917.543983,1.091055
1659520917.610034,1.095158
1659520917.677109,1.097738
1659520917.744184,1.09212
1659520917.811772,1.090035
1659520917.878335,1.093188
1659520917.944899,1.09503
1659520918.012486,1.095973
1659520918.079561,1.08597
1659520918.146637,1.074906
1659520918.212176,1.078888
1659520918.279763,1.088126
1659520918.347351,1.099682
1659520918.413914,1.103457
1659520918.479453,1.099811
1659520918.544993,1.098212
1659520918.611556,1.098428
1659520918.678119,1.087364
1659520918.745707,1.029735
1659520918.811246,0.979069
1659520918.876785,0.993685
1659520918.9413,1.032091
1659520919.008888,1.003204
1659520919.076475,0.934904
1659520919.142015,0.917238
1659520919.208578,0.920801
1659520919.275141,0.958066
1659520919.342216,1.020934
1659520919.409292,1.043921
1659520919.474831,1.048541
1659520919.541394,1.052052
1659520919.607958,1.062124
1659520919.676569,1.072884
1659520919.74262,1.070625
1659520919.808672,1.053799
1659520919.872163,1.010967
1659520919.939238,0.946455
1659520920.006314,0.922503
1659520920.072877,0.916696
1659520920.13944,0.908741
1659520920.20498,0.908179
1659520920.272567,0.919318
1659520920.340154,0.928046
1659520920.406718,0.931261
1659520920.473281,0.938072
1659520920.539845,0.950898
1659520920.607432,0.969731
1659520920.674507,0.982338
1659520920.741583,0.989394
1659520920.807634,0.994072
1659520920.873685,0.997976
1659520920.939224,1.001479
1659520921.005276,1.004971
1659520921.071327,1.012029
1659520921.138914,1.020263
1659520921.206502,1.029582
1659520921.274089,1.080513
1659520921.341676,1.132464
1659520921.407728,1.149742
1659520921.473779,1.162411
1659520921.540854,1.179177
1659520921.60793,1.191336
1659520921.674493,1.200183
1659520921.741056,1.207232
1659520921.80762,1.211626
1659520921.872135,1.21812
1659520921.938186,1.222327
1659520922.004238,1.227749
1659520922.071825,1.238188
1659520922.137876,1.243696
1659520922.203928,1.248027
1659520922.269467,1.252107
1659520922.33603,1.253904
1659520922.402594,1.255311
1659520922.469157,1.25503
1659520922.53572,1.253117
1659520922.602283,1.253791
1659520922.668335,1.256439
1659520922.734386,1.257174
1659520922.80095,1.259211
1659520922.867513,1.261087
1659520922.934076,1.262169
1659520923.002688,1.263081
1659520923.068227,1.264167
1659520923.133766,1.265253
1659520923.199306,1.265884
1659520923.265869,1.266054
1659520923.332432,1.265997
1659520923.399508,1.267432
1659520923.466583,1.269562
1659520923.53417,1.271698
1659520923.600734,1.274481
1659520923.667297,1.276868
1659520923.734884,1.280551
1659520923.80196,1.285142
1659520923.869035,1.287866
1659520923.936622,1.290481
1659520924.002674,1.292688
1659520924.068725,1.294426
1659520924.134264,1.298212
1659520924.200315,1.306402
1659520924.266367,1.311919
1659520924.331906,1.313211
1659520924.397445,1.307868
1659520924.466057,1.302202
1659520924.53262,1.300385
1659520924.599184,1.300808
1659520924.665747,1.302446
1659520924.73231,1.30196
1659520924.798873,1.299358
1659520924.866461,1.298032
1659520924.932512,1.298271
1659520924.998564,1.297789
1659520925.065127,1.298936
1659520925.13169,1.302506
1659520925.198253,1.306402
1659520925.263793,1.309278
1659520925.329332,1.309337
1659520925.397943,1.308111
1659520925.464507,1.307318
1659520925.53107,1.304633
1659520925.595585,1.284317
1659520925.662149,1.265539
1659520925.728712,1.265139
1659520925.796299,1.264509
1659520925.862351,1.260346
1659520925.928402,1.257117
1659520925.994965,1.259949
1659520926.062041,1.264223
1659520926.129116,1.267488
1659520926.195167,1.268469
1659520926.261219,1.268469
1659520926.328806,1.268064
1659520926.395881,1.266227
1659520926.462957,1.262397
1659520926.527472,1.261884
1659520926.593523,1.259156
1659520926.659575,1.255706
1659520926.728186,1.254184
1659520926.795261,1.251547
1659520926.862337,1.233327
1659520926.9289,1.206868
1659520926.995975,1.191948
1659520927.063051,1.187996
1659520927.130126,1.186131
1659520927.197201,1.184172
1659520927.262741,1.179974
1659520927.329816,1.153586
1659520927.396891,1.123274
1659520927.462431,1.092249
1659520927.52797,1.042987
1659520927.593509,0.99602
1659520927.662121,0.933093
1659520927.728684,0.955872
1659520927.795247,1.044741
1659520927.860787,1.133382
1659520927.92735,1.190727
1659520927.993913,1.208903
1659520928.060989,1.239395
1659520928.128064,1.25278
1659520928.193603,1.244139
1659520928.260167,1.252949
1659520928.32673,1.260746
1659520928.393293,1.257627
1659520928.459345,1.260575
1659520928.525396,1.263651
1659520928.592983,1.268181
1659520928.659547,1.254297
1659520928.72611,1.200029
1659520928.792161,1.152586
1659520928.858212,1.147195
1659520928.921704,1.155063
1659520928.989803,1.161444
1659520929.057903,1.194749
1659520929.124466,1.229639
1659520929.191029,1.263194
1659520929.257592,1.276577
1659520929.32518,1.275294
1659520929.392255,1.270716
1659520929.459331,1.260517
1659520929.525894,1.256382
1659520929.592969,1.254578
1659520929.660045,1.254184
1659520929.725584,1.234252
1659520929.791123,1.20567
1659520929.856663,1.179227
1659520929.923738,1.130497
1659520929.990813,1.049288
1659520930.058401,1.026972
1659520930.124964,1.030986
1659520930.191527,1.034036
1659520930.258603,1.036991
1659520930.325678,1.040966
1659520930.393265,1.045913
1659520930.459317,1.050432
1659520930.525368,1.052567
1659520930.591931,1.05138
1659520930.659519,1.047794
1659520930.727106,1.049644
1659520930.790597,1.053043
1659520930.856648,1.056225
1659520930.9227,1.059909
1659520930.991311,1.06362
1659520931.05685,1.067029
1659520931.12239,1.070378
1659520931.188953,1.073585
1659520931.255517,1.075236
1659520931.323104,1.078806
1659520931.389667,1.081894
1659520931.45623,1.084959
1659520931.52177,1.088337
1659520931.589357,1.091822
1659520931.656945,1.095415
1659520931.722484,1.097868
1659520931.788023,1.099033
1659520931.853562,1.09912
1659520931.922174,1.098818
1659520931.988737,1.099551
1659520932.0553,1.105813
1659520932.121352,1.113566
1659520932.187403,1.11601
1659520932.252942,1.121921
1659520932.32053,1.146726
1659520932.388117,1.19154
1659520932.453656,1.215262
1659520932.520732,1.218015
1659520932.587807,1.210997
1659520932.655395,1.200699
1659520932.721446,1.196128
1659520932.787497,1.194952
1659520932.855084,1.193269
1659520932.922672,1.191185
1659520932.990259,1.186735
1659520933.05631,1.18367
1659520933.122362,1.182268
1659520933.186877,1.180721
1659520933.253953,1.179227
1659520933.321028,1.177489
1659520933.387591,1.174965
1659520933.454154,1.172354
1659520933.520718,1.16995
1659520933.588305,1.16863
1659520933.654868,1.166873
1659520933.721432,1.165075
1659520933.786971,1.163184
1659520933.854558,1.161976
1659520933.922146,1.160913
1659520933.988197,1.159758
1659520934.054248,1.158892
1659520934.118764,1.157838
1659520934.184815,1.157503
1659520934.250866,1.157118
1659520934.318454,1.155922
1659520934.383993,1.153586
1659520934.449532,1.151922
1659520934.516096,1.151257
1659520934.583683,1.150357
1659520934.65127,1.147242
1659520934.71681,1.145221
1659520934.783373,1.144517
1659520934.849936,1.142647
1659520934.917011,1.140782
1659520934.984087,1.141202
1659520935.050138,1.139155
1659520935.116189,1.133981
1659520935.181729,1.122372
1659520935.24778,1.10137
1659520935.313832,1.097093
1659520935.381419,1.093317
1659520935.447982,1.086351
1659520935.514545,1.080555
1659520935.580597,1.075899
1659520935.646648,1.074204
1659520935.713212,1.072102
1659520935.780799,1.070502
1659520935.848386,1.066542
1659520935.914949,1.050788
1659520935.981001,1.044975
1659520936.047052,1.043492
1659520936.11464,1.042753
1659520936.181203,1.04151
1659520936.247766,1.040271
1659520936.315354,1.038725
1659520936.381405,1.037992
1659520936.447456,1.037682
1659520936.512995,1.036991
1659520936.578535,1.032777
1659520936.644074,1.025278
1659520936.711661,1.022428
1659520936.779249,1.022279
1659520936.845812,1.022615
1659520936.911863,1.022802
1659520936.977915,1.024264
1659520937.045502,1.026333
1659520937.112577,1.028484
1659520937.179653,1.028521
1659520937.246216,1.026333
1659520937.312267,1.024714
1659520937.378319,1.024001
1659520937.443858,1.023776
1659520937.509397,1.023327
1659520937.574937,1.02284
1659520937.640476,1.022279
1659520937.706015,1.021793
1659520937.774626,1.021308
1659520937.84119,1.0206
1659520937.907753,1.020263
1659520937.974317,1.019891
1659520938.041392,1.020041
1659520938.108467,1.018776
1659520938.17503,1.017702
1659520938.241082,1.016444
1659520938.307133,1.015188
1659520938.374721,1.014084
1659520938.442308,1.012652
1659520938.506823,1.012029
1659520938.572875,1.010346
1659520938.638926,1.009252
1659520938.707537,1.009471
1659520938.774613,1.008778
1659520938.841688,1.007869
1659520938.905179,1.007616
1659520938.972766,1.008016
1659520939.040354,1.010201
1659520939.107941,1.016075
1659520939.173993,1.020487
1659520939.240044,1.020898
1659520939.307631,1.022689
1659520939.374707,1.033769
1659520939.441782,1.040154
1659520939.507321,1.042481
1659520939.57286,1.042404
1659520939.640448,1.0412
1659520939.707523,1.040271
1659520939.774599,1.039149
1659520939.83809,1.039111
1659520939.904141,1.041433
1659520939.970192,1.046775
1659520940.038804,1.046775
1659520940.105367,1.043844
1659520940.171931,1.042519
1659520940.238494,1.030834
1659520940.305569,1.014858
1659520940.372644,1.006671
1659520940.439208,1.006708
1659520940.505771,1.006093
1659520940.571311,1.005116
1659520940.638386,1.005621
1659520940.705461,1.004068
1659520940.769976,1.003456
1659520940.835516,1.003456
1659520940.901055,1.002736
1659520940.969666,1.001228
1659520941.03623,1.000654
1659520941.102793,0.999725
1659520941.168332,0.996163
1659520941.235408,0.994426
1659520941.302483,0.994285
1659520941.369558,0.994426
1659520941.436634,0.994002
1659520941.502173,0.993296
1659520941.56976,0.992837
1659520941.637348,0.992697
1659520941.702887,0.994957
1659520941.768938,1.019781
1659520941.83499,1.074492
1659520941.902577,1.094343
1659520941.969652,1.059187
1659520942.036728,1.012872
1659520942.102267,1.006781
1659520942.167806,1.026898
1659520942.232322,1.036298
1659520942.300421,1.039884
1659520942.36852,1.042637
1659520942.435084,1.044039
1659520942.501647,1.042948
1659520942.56821,1.041548
1659520942.635798,1.040618
1659520942.702361,1.038223
1659520942.768924,1.035109
1659520942.835488,1.033235
1659520942.902563,1.032166
1659520942.969638,1.033044
1659520943.03569,1.032777
1659520943.101741,1.028559
1659520943.165232,1.016999
1659520943.232307,1.013165
1659520943.299383,1.01541
1659520943.365946,1.016924
1659520943.431998,1.016629
1659520943.498049,1.01722
1659520943.564612,1.017516
1659520943.631688,1.017813
1659520943.698763,1.022541
1659520943.764302,1.041587
1659520943.831378,1.049525
1659520943.898453,1.043999
1659520943.965528,1.039805
1659520944.032604,1.038918
1659520944.096095,1.036376
1659520944.162658,1.03293
1659520944.229221,1.03015
1659520944.297833,1.028257
1659520944.363372,1.027464
1659520944.428911,1.027086
1659520944.495475,1.027198
1659520944.563574,1.026671
1659520944.631674,1.024001
1659520944.698237,1.022989
1659520944.7648,1.023327
1659520944.831363,1.024038
1659520944.898951,1.024714
1659520944.965514,1.025541
1659520945.032078,1.026219
1659520945.098129,1.027161
1659520945.16418,1.0243
1659520945.232792,1.021568
1659520945.299355,1.021494
1659520945.365918,1.022017
1659520945.42941,1.022428
1659520945.496485,1.024226
1659520945.56356,1.039032
1659520945.631148,1.06866
1659520945.697711,1.078222
1659520945.764274,1.079054
1659520945.830837,1.079471
1659520945.897913,1.082355
1659520945.964988,1.087237
1659520946.031039,1.093188
1659520946.097091,1.092377
1659520946.164678,1.084622
1659520946.231754,1.073503
1659520946.298829,1.067721
1659520946.36232,1.069887
1659520946.428371,1.078888
1659520946.494423,1.083655
1659520946.563034,1.079304
1659520946.628573,1.074122
1659520946.694113,1.068498
1659520946.760676,1.058825
1659520946.827751,1.047481
1659520946.894827,1.035531
1659520946.96139,1.026671
1659520947.027953,1.020973
1659520947.094517,1.014416
1659520947.162104,1.009836
1659520947.229692,1.001443
1659520947.294207,0.992202
1659520947.360258,0.990691
1659520947.426309,0.991429
1659520947.494921,0.99259
1659520947.560972,0.997798
1659520947.627023,1.009617
1659520947.693075,1.017184
1659520947.759126,1.031405
1659520947.825689,1.058946
1659520947.893277,1.068988
1659520947.960864,1.07087
1659520948.027427,1.071896
1659520948.094503,1.076064
1659520948.161578,1.079762
1659520948.229166,1.081057
1659520948.294705,1.081558
1659520948.360244,1.083528
1659520948.428855,1.084538
1659520948.495419,1.084789
1659520948.561982,1.084959
1659520948.625473,1.085422
1659520948.692037,1.085422
1659520948.7586,1.08673
1659520948.825163,1.088761
1659520948.891727,1.089651
1659520948.95829,1.088889
1659520949.025365,1.087871
1659520949.092441,1.086435
1659520949.159004,1.085086
1659520949.225055,1.084538
1659520949.291107,1.084706
1659520949.356646,1.085801
1659520949.424233,1.086351
1659520949.491821,1.085759
1659520949.556336,1.084328
1659520949.622387,1.083194
1659520949.688438,1.082396
1659520949.75449,1.082103
1659520949.820541,1.081977
1659520949.888129,1.082522
1659520949.953668,1.083614
1659520950.019207,1.084495
1659520950.086794,1.084622
1659520950.153358,1.084832
1659520950.219921,1.085464
1659520950.28546,1.086265
1659520950.353048,1.086899
1659520950.420635,1.086562
1659520950.488223,1.086941
1659520950.553762,1.088337
1659520950.619301,1.089651
1659520950.686376,1.090376
1659520950.753452,1.090758
1659520950.821039,1.093146
1659520950.88709,1.096662
1659520950.953142,1.098602
1659520951.017657,1.099249
1659520951.085244,1.101023
1659520951.152832,1.102197
1659520951.219395,1.102022
1659520951.285959,1.100895
1659520951.353546,1.101848
1659520951.420109,1.102673
1659520951.486672,1.102413
1659520951.553236,1.102369
1659520951.619799,1.102977
1659520951.686363,1.102891
1659520951.754974,1.102935
1659520951.820513,1.104853
1659520951.886052,1.106733
1659520951.950568,1.107436
1659520952.017131,1.10704
1659520952.083694,1.107127
1659520952.149234,1.106997
1659520952.214773,1.107127
1659520952.28236,1.107829
1659520952.349436,1.107698
1659520952.416511,1.107698
1659520952.483074,1.108708
1659520952.549638,1.108753
1659520952.616201,1.107698
1659520952.682764,1.106997
1659520952.749328,1.10704
1659520952.815891,1.10739
1659520952.880406,1.10682
1659520952.94697,1.106382
1659520953.013533,1.105551
1659520953.079072,1.103849
1659520953.144611,1.101456
1659520953.212199,1.101587
1659520953.278762,1.103457
1659520953.345325,1.10337
1659520953.412913,1.101891
1659520953.478964,1.102718
1659520953.545015,1.104592
1659520953.612603,1.105945
1659520953.679678,1.10647
1659520953.746753,1.108224
1659520953.813317,1.110956
1659520953.87988,1.113168
1659520953.946444,1.114231
1659520954.013007,1.114587
1659520954.07957,1.11481
1659520954.147157,1.115075
1659520954.213721,1.115654
1659520954.280284,1.115388
1659520954.345824,1.11481
1659520954.411875,1.113788
1659520954.477926,1.112369
1659520954.545513,1.11175
1659520954.612589,1.111353
1659520954.679664,1.110514
1659520954.745715,1.110028
1659520954.811767,1.109324
1659520954.879354,1.108136
1659520954.945918,1.107436
1659520955.012481,1.107084
1659520955.080068,1.106646
1659520955.145607,1.106295
1659520955.211147,1.104678
1659520955.276686,1.100417
1659520955.342225,1.094301
1659520955.407765,1.091055
1659520955.475352,1.08995
1659520955.541403,1.089186
1659520955.607455,1.08961
1659520955.674018,1.091951
1659520955.740581,1.09563
1659520955.807145,1.099075
1659520955.87422,1.099984
1659520955.941295,1.099638
1659520956.007859,1.099682
1659520956.07391,1.100547
1659520956.139961,1.10072
1659520956.207549,1.103631
1659520956.275136,1.109676
1659520956.341187,1.111882
1659520956.407238,1.112725
1659520956.471754,1.113256
1659520956.538829,1.11552
1659520956.605905,1.115743
1659520956.672468,1.113168
1659520956.739031,1.1129
1659520956.805594,1.114143
1659520956.873182,1.113742
1659520956.940257,1.114853
1659520957.007333,1.115699
1659520957.072872,1.115254
1659520957.140459,1.11641
1659520957.208047,1.117303
1659520957.273586,1.118019
1659520957.340149,1.120708
1659520957.406713,1.128169
1659520957.473276,1.134349
1659520957.539839,1.141713
1659520957.608451,1.151115
1659520957.67399,1.158413
1659520957.739529,1.164832
1659520957.806093,1.171471
1659520957.874192,1.177985
1659520957.942291,1.184422
1659520958.007831,1.190068
1659520958.074394,1.196076
1659520958.140957,1.202662
1659520958.208033,1.20906
1659520958.275108,1.217589
1659520958.339623,1.225541
1659520958.405674,1.23469
1659520958.471726,1.24237
1659520958.539313,1.246914
1659520958.605365,1.249421
1659520958.671416,1.250707
1659520958.734907,1.251378
1659520958.801982,1.253565
1659520958.869058,1.255535
1659520958.935621,1.256382
1659520959.002184,1.258702
1659520959.068748,1.264622
1659520959.135823,1.275994
1659520959.202899,1.288758
1659520959.269462,1.293885
1659520959.336025,1.29942
1659520959.402588,1.304878
1659520959.470176,1.307624
1659520959.537251,1.308602
1659520959.604326,1.309643
1659520959.667818,1.310996
1659520959.734381,1.311549
1659520959.800944,1.312042
1659520959.869556,1.312594
1659520959.935095,1.311733
1659520960.000634,1.311611
1659520960.068222,1.312042
1659520960.135809,1.311611
1659520960.202373,1.311611
1659520960.269448,1.310748
1659520960.336523,1.310443
1659520960.403086,1.310257
1659520960.470674,1.314879
1659520960.538261,1.319784
1659520960.602777,1.321844
1659520960.66934,1.32397
1659520960.735903,1.325226
1659520960.804515,1.326293
1659520960.870054,1.327239
1659520960.935593,1.326923
1659520961.001644,1.320906
1659520961.067696,1.310996
1659520961.134259,1.30366
1659520961.200822,1.302871
1659520961.267386,1.303783
1659520961.333949,1.300749
1659520961.400512,1.297488
1659520961.467076,1.300265
1659520961.533127,1.306097
1659520961.599178,1.309706
1659520961.666254,1.310996
1659520961.733329,1.311733
1659520961.797844,1.312227
1659520961.863384,1.311671
1659520961.928923,1.311426
1659520961.997534,1.311426
1659520962.06461,1.310748
1659520962.131685,1.309031
1659520962.1962,1.307195
1659520962.262764,1.305059
1659520962.329327,1.303416
1659520962.396402,1.302991
1659520962.463478,1.300749
1659520962.529017,1.298573
1659520962.59558,1.298212
1659520962.662143,1.297488
1659520962.729731,1.295325
1659520962.795782,1.293049
1659520962.861834,1.290779
1659520962.929421,1.289767
1659520962.996496,1.289707
1659520963.063571,1.287866
1659520963.128087,1.285261
1659520963.194138,1.28302
1659520963.260189,1.281961
1659520963.328801,1.282727
1659520963.395876,1.282255
1659520963.462951,1.282666
1659520963.529515,1.283256
1659520963.596078,1.282433
1659520963.663666,1.282666
1659520963.730741,1.280964
1659520963.797816,1.280084
1659520963.863356,1.278794
1659520963.930431,1.276518
1659520963.997506,1.275585
1659520964.062021,1.2739
1659520964.127561,1.272856
1659520964.1931,1.270945
1659520964.261712,1.269791
1659520964.327763,1.268469
1659520964.393814,1.268469
1659520964.459865,1.268697
1659520964.525917,1.267374
1659520964.59248,1.265253
1659520964.659555,1.263081
1659520964.726631,1.262795
1659520964.79217,1.262338
1659520964.858733,1.26251
1659520964.925297,1.262397
1659520964.990836,1.261654
1659520965.056887,1.261541
1659520965.122939,1.262054
1659520965.18899,1.261484
1659520965.255041,1.254128
1659520965.323653,1.252331
1659520965.389704,1.25278
1659520965.455755,1.253453
1659520965.519246,1.254524
1659520965.587346,1.254804
1659520965.655445,1.25368
1659520965.722008,1.252723
1659520965.788572,1.251881
1659520965.855135,1.25177
1659520965.922723,1.252442
1659520965.989798,1.25278
1659520966.056873,1.252949
1659520966.123437,1.253791
1659520966.190512,1.253623
1659520966.257587,1.252723
1659520966.324151,1.251939
1659520966.390714,1.251489
1659520966.454205,1.252668
1659520966.521281,1.253285
1659520966.588356,1.253565
1659520966.655943,1.25278
1659520966.721995,1.251378
1659520966.788046,1.250818
1659520966.854609,1.250427
1659520966.921685,1.249421
1659520966.98876,1.250202
1659520967.054811,1.263424
1659520967.120862,1.279554
1659520967.187426,1.285972
1659520967.255013,1.289531
1659520967.322601,1.285793
1659520967.386092,1.278444
1659520967.452143,1.274132
1659520967.518194,1.269044
1659520967.586806,1.263994
1659520967.652345,1.248361
1659520967.717884,1.240883
1659520967.783424,1.235561
1659520967.851011,1.227911
1659520967.918598,1.227155
1659520967.985162,1.23045
1659520968.051725,1.232022
1659520968.117264,1.233272
1659520968.184852,1.234961
1659520968.252439,1.233164
1659520968.317978,1.226833
1659520968.383518,1.223505
1659520968.449057,1.221419
1659520968.517668,1.219395
1659520968.584232,1.218015
1659520968.650795,1.217801
1659520968.714286,1.217219
1659520968.781362,1.216212
1659520968.848437,1.215578
1659520968.916024,1.215209
1659520968.9831,1.214207
1659520969.050175,1.213204
1659520969.11725,1.212152
1659520969.184326,1.211207
1659520969.251913,1.210315
1659520969.317964,1.209007
1659520969.384016,1.207493
1659520969.451603,1.206503
1659520969.519191,1.20541
1659520969.586778,1.20541
1659520969.651293,1.205618
1659520969.717344,1.205201
1659520969.783396,1.203958
1659520969.850471,1.202921
1659520969.917547,1.202456
1659520969.98411,1.201939
1659520970.051014,1.200699
1659520970.117919,1.199926
1659520970.184824,1.200183
1659520970.251387,1.198436
1659520970.317438,1.197922
1659520970.38349,1.197459
1659520970.451077,1.196539
1659520970.518665,1.194595
1659520970.58318,1.190626
1659520970.649231,1.186635
1659520970.715282,1.184772
1659520970.78287,1.184624
1659520970.848921,1.184222
1659520970.914972,1.18347
1659520970.980512,1.18237
1659520971.046051,1.182219
1659520971.112614,1.182268
1659520971.180202,1.182669
1659520971.247789,1.182669
1659520971.313328,1.181969
1659520971.380404,1.18132
1659520971.447479,1.180172
1659520971.515066,1.179177
1659520971.580606,1.178531
1659520971.646145,1.178084
1659520971.71322,1.177935
1659520971.780296,1.177142
1659520971.846347,1.176894
1659520971.912398,1.175953
1659520971.978961,1.17536
1659520972.045525,1.174866
1659520972.1126,1.174373
1659520972.179676,1.173387
1659520972.246239,1.172747
1659520972.313314,1.17201
1659520972.38039,1.171027
1659520972.447977,1.17049
1659520972.51454,1.16951
1659520972.581104,1.169119
1659520972.646643,1.168581
1659520972.71423,1.167654
1659520972.781818,1.167557
1659520972.848381,1.167604
1659520972.914944,1.166726
1659520972.97946,1.16595
1659520973.046023,1.165124
1659520973.112586,1.16425
1659520973.180174,1.164055
1659520973.245713,1.163329
1659520973.311252,1.162845
1659520973.378839,1.162218
1659520973.445403,1.161154
1659520973.511966,1.160048
1659520973.577506,1.159999
1659520973.644581,1.160576
1659520973.711656,1.163669
1659520973.778732,1.167654
1659520973.845807,1.16951
1659520973.910322,1.170635
1659520973.976886,1.172598
1659520974.043449,1.17314
1659520974.111036,1.174619
1659520974.176575,1.174768
1659520974.242115,1.174029
1659520974.30663,1.173683
1659520974.374217,1.173289
1659520974.441805,1.173337
1659520974.508368,1.173731
1659520974.574931,1.17314
1659520974.641495,1.174471
1659520974.70857,1.180421
1659520974.775645,1.182219
1659520974.842209,1.18147
1659520974.908772,1.180421
1659520974.975335,1.177092
1659520975.043947,1.171273
1659520975.109998,1.169265
1659520975.176049,1.171225
1659520975.240565,1.173337
1659520975.30764,1.175509
1659520975.374715,1.176051
1659520975.443327,1.177092
1659520975.508866,1.177639
1659520975.574405,1.177589
1659520975.641993,1.179974
1659520975.70958,1.181221
1659520975.776144,1.180671
1659520975.842707,1.179129
1659520975.90927,1.17873
1659520975.975833,1.178034
1659520976.042909,1.176994
1659520976.109984,1.176646
1659520976.1745,1.176646
1659520976.241063,1.176299
1659520976.307626,1.175063
1659520976.375213,1.174029
1659520976.440753,1.173584
1659520976.506292,1.173043
1659520976.572343,1.172699
1659520976.638395,1.171911
1659520976.705982,1.171322
1659520976.772033,1.170342
1659520976.838085,1.169265
1659520976.904648,1.168825
1659520976.971723,1.167166
1659520977.038799,1.165754
1659520977.105362,1.164346
1659520977.170901,1.164008
1659520977.23644,1.163959
1659520977.305052,1.164201
1659520977.371103,1.164055
1659520977.437155,1.164589
1659520977.503206,1.164154
1659520977.569257,1.164008
1659520977.634796,1.164685
1659520977.70136,1.165803
1659520977.767923,1.16702
1659520977.834486,1.167995
1659520977.902074,1.168581
1659520977.969661,1.168678
1659520978.036225,1.169167
1659520978.102788,1.171077
1659520978.169351,1.172598
1659520978.236938,1.172108
1659520978.304014,1.172552
1659520978.371089,1.173191
1659520978.436629,1.173486
1659520978.502168,1.173043
1659520978.567707,1.173731
1659520978.633758,1.174521
1659520978.69981,1.174619
1659520978.767397,1.174718
1659520978.833961,1.173683
1659520978.900524,1.16556
1659520978.968111,1.156783
1659520979.034163,1.15468
1659520979.100214,1.158557
1659520979.166777,1.158316
1659520979.233852,1.156401
1659520979.300928,1.157646
1659520979.366979,1.158606
1659520979.43303,1.156591
1659520979.49857,1.154252
1659520979.565133,1.153633
1659520979.631696,1.15273
1659520979.699284,1.148892
1659520979.765335,1.139758
1659520979.831386,1.133751
1659520979.897438,1.13219
1659520979.963489,1.132235
1659520980.030052,1.132879
1659520980.096104,1.13343
1659520980.162155,1.133337
1659520980.229742,1.132786
1659520980.295794,1.132005
1659520980.361845,1.131045
1659520980.428408,1.130999
1659520980.494972,1.130497
1659520980.561535,1.129584
1659520980.630146,1.12949
1659520980.695686,1.129127
1659520980.761225,1.128216
1659520980.8283,1.127533
1659520980.895375,1.128899
1659520980.959891,1.129812
1659520981.026454,1.129034
1659520981.093017,1.125671
1659520981.161629,1.125128
1659520981.228704,1.126215
1659520981.295779,1.125535
1659520981.362343,1.124901
1659520981.429418,1.124313
1659520981.496494,1.122687
1659520981.564081,1.124539
1659520981.630644,1.125535
1659520981.697208,1.124629
1659520981.761723,1.123589
1659520981.828286,1.125581
1659520981.89485,1.137627
1659520981.960389,1.142321
1659520982.025928,1.141202
1659520982.09454,1.141341
1659520982.161103,1.140969
1659520982.227666,1.140782
1659520982.29423,1.141994
1659520982.360793,1.143067
1659520982.427356,1.143067
1659520982.494944,1.14246
1659520982.560995,1.14246
1659520982.627046,1.145128
1659520982.693609,1.148751
1659520982.760173,1.149412
1659520982.826736,1.148185
1659520982.895348,1.146442
1659520982.960887,1.144284
1659520983.026426,1.142694
1659520983.092989,1.142509
1659520983.159553,1.142321
1659520983.224068,1.142134
1659520983.290631,1.14111
1659520983.357195,1.139666
1659520983.424782,1.138042
1659520983.491345,1.136608
1659520983.557909,1.1355
1659520983.624472,1.132328
1659520983.691547,1.129081
1659520983.758623,1.128899
1659520983.82621,1.129812
1659520983.892262,1.132464
1659520983.958313,1.135087
1659520984.023852,1.139527
1659520984.090415,1.141901
1659520984.156979,1.143254
1659520984.222518,1.145082
1659520984.288057,1.147195
1659520984.356669,1.148609
1659520984.423744,1.149506
1659520984.490819,1.149601
1659520984.558407,1.148185
1659520984.62497,1.146726
1659520984.691533,1.14494
1659520984.759121,1.143443
1659520984.825684,1.14162
1659520984.892247,1.138598
1659520984.958811,1.13744
1659520985.025886,1.137257
1659520985.092962,1.13795
1659520985.158501,1.139155
1659520985.22404,1.13883
1659520985.292651,1.138506
1659520985.359215,1.139714
1659520985.425778,1.140316
1659520985.490294,1.139945
1659520985.556857,1.140503
1659520985.62342,1.136702
1659520985.691007,1.134027
1659520985.757059,1.133658
1659520985.82311,1.133152
1659520985.889673,1.134165
1659520985.956237,1.130268
1659520986.0228,1.133476
1659520986.088851,1.14302
1659520986.154903,1.153586
1659520986.22249,1.160288
1659520986.289053,1.163087
1659520986.355617,1.161011
1659520986.420132,1.15683
1659520986.485671,1.154252
1659520986.55121,1.155301
1659520986.619822,1.162314
1659520986.686897,1.166143
1659520986.753973,1.163378
1659520986.820536,1.157263
1659520986.887611,1.149979
1659520986.954687,1.143067
1659520987.022274,1.136009
1659520987.089861,1.130954
1659520987.156425,1.12735
1659520987.222988,1.123907
1659520987.289551,1.122192
1659520987.355091,1.120886
1659520987.42063,1.120797
1659520987.486169,1.11954
1659520987.552732,1.118556
1659520987.619296,1.118778
1659520987.687907,1.115297
1659520987.754471,1.112325
1659520987.821034,1.111971
1659520987.887597,1.109853
1659520987.955185,1.10739
1659520988.022772,1.106121
1659520988.088311,1.106032
1659520988.154875,1.107084
1659520988.221438,1.108928
1659520988.289025,1.108533
1659520988.355077,1.105639
1659520988.421128,1.099163
1659520988.487179,1.079597
1659520988.553231,1.066378
1659520988.621842,1.072102
1659520988.687893,1.081517
1659520988.753945,1.088591
1659520988.817436,1.090035
1659520988.885023,1.091609
1659520988.95261,1.096704
1659520989.019174,1.10337
1659520989.085225,1.105594
1659520989.151277,1.106251
1659520989.218864,1.10647
1659520989.286451,1.105683
1659520989.353015,1.10372
1659520989.418554,1.098947
1659520989.484093,1.09259
1659520989.551681,1.086012
1659520989.618244,1.083487
1659520989.684807,1.08357
1659520989.748298,1.083655
1659520989.814862,1.083738
1659520989.881425,1.08357
1659520989.949013,1.084285
1659520990.015576,1.083949
1659520990.082139,1.075567
1659520990.149215,1.066296
1659520990.21629,1.067395
1659520990.283877,1.065931
1659520990.350441,1.027765
1659520990.417004,0.967081
1659520990.483567,0.919984
1659520990.551155,0.955807
1659520990.618742,1.035339
1659520990.684793,1.057344
1659520990.750844,1.02981
1659520990.81536,0.985835
1659520990.882435,1.005332
1659520990.949511,1.057224
1659520991.016074,1.043921
1659520991.082637,0.991219
1659520991.1492,0.95869
1659520991.216788,0.954014
1659520991.283351,0.965577
1659520991.349915,0.989535
1659520991.415454,1.039805
1659520991.483041,1.079388
1659520991.550629,1.111043
1659520991.617192,1.123139
1659520991.683755,1.115743
1659520991.747246,1.105115
1659520991.81381,1.104155
1659520991.880373,1.103413
1659520991.94796,1.103849
1659520992.0135,1.107216
1659520992.079039,1.110646
1659520992.143554,1.112237
1659520992.211142,1.11299
1659520992.278729,1.114408
1659520992.344268,1.115075
1659520992.410832,1.116813
1659520992.477395,1.08927
1659520992.54447,1.007506
1659520992.611546,0.991886
1659520992.677085,0.998404
1659520992.743648,0.969395
1659520992.810212,0.945145
1659520992.876775,0.941262
1659520992.943338,0.942595
1659520993.009389,0.923936
1659520993.075441,0.878446
1659520993.144052,0.828443
1659520993.210104,0.811444
1659520993.276155,0.819099
1659520993.342718,0.810762
1659520993.409794,0.802062
1659520993.476869,0.800548
1659520993.544456,0.801557
1659520993.610507,0.809283
1659520993.676559,0.827634
1659520993.744146,0.84571
1659520993.81071,0.850986
1659520993.877273,0.858802
1659520993.943324,0.887565
1659520994.009376,0.952615
1659520994.076963,1.038918
1659520994.143526,1.104329
1659520994.21009,1.129446
1659520994.273581,1.165268
1659520994.340656,1.194339
1659520994.407732,1.207336
1659520994.476343,1.219768
1659520994.542906,1.22694
1659520994.60947,1.232456
1659520994.676033,1.24011
1659520994.743108,1.243806
1659520994.810184,1.246692
1659520994.876235,1.241818
1659520994.942286,1.233925
1659520995.009874,1.23912
1659520995.075925,1.25093
1659520995.141976,1.266799
1659520995.206491,1.270716
1659520995.272031,1.273379
1659520995.33757,1.275704
1659520995.406181,1.278385
1659520995.472233,1.2842
1659520995.538284,1.28846
1659520995.604847,1.290363
1659520995.671923,1.291077
1659520995.738998,1.292332
1659520995.805561,1.294964
1659520995.872125,1.295684
1659520995.937664,1.295084
1659520996.005251,1.293168
1659520996.072839,1.291734
1659520996.138378,1.289649
1659520996.204941,1.288816
1659520996.271505,1.28751
1659520996.339092,1.286799
1659520996.406168,1.287096
1659520996.473243,1.28757
1659520996.536734,1.28757
1659520996.604321,1.285972
1659520996.671909,1.284495
1659520996.739496,1.284434
1659520996.805547,1.284789
1659520996.871599,1.284317
1659520996.938674,1.28249
1659520997.005749,1.281961
1659520997.073337,1.279731
1659520997.139388,1.275704
1659520997.205439,1.272566
1659520997.273027,1.269849
1659520997.340102,1.267662
1659520997.407177,1.266915
1659520997.470669,1.266458
1659520997.536208,1.266458
1659520997.601747,1.264622
1659520997.670359,1.263937
1659520997.736922,1.263424
1659520997.803485,1.263766
1659520997.870049,1.264739
1659520997.936612,1.26428
1659520998.003175,1.261654
1659520998.069739,1.262338
1659520998.136302,1.265025
1659520998.202353,1.269044
1659520998.268404,1.274306
1659520998.334968,1.277041
1659520998.401531,1.277452
1659520998.469119,1.276458
1659520998.53517,1.276342
1659520998.601221,1.278678
1659520998.66676,1.281961
1659520998.733324,1.284434
1659520998.799887,1.287331
1659520998.866451,1.289053
1659520998.934038,1.289531
1659520999.001625,1.289291
1659520999.068189,1.288936
1659520999.134752,1.288696
1659520999.201315,1.286799
1659520999.268391,1.285321
1659520999.335466,1.287155
1659520999.403053,1.292631
1659520999.469105,1.294483
1659520999.535156,1.294483
1659520999.600695,1.295565
1659520999.667259,1.294483
1659520999.733822,1.294245
1659520999.801409,1.293646
1659520999.867973,1.293708
1659520999.934536,1.293467
1659521000.002123,1.291915
1659521000.068687,1.289589
1659521000.13525,1.288221
1659521000.202325,1.28757
1659521000.269401,1.287155
1659521000.336988,1.284908
1659521000.403039,1.283196
1659521000.469091,1.281256
1659521000.53463,1.279672
1659521000.601193,1.277452
1659521000.667757,1.275063
1659521000.735344,1.27361
1659521000.801395,1.271582
1659521000.867447,1.269332
1659521000.933498,1.267776
1659521000.999549,1.267087
1659521001.065089,1.266799
1659521001.131652,1.266054
1659521001.198215,1.264909
1659521001.265803,1.263595
1659521001.331854,1.262739
1659521001.397905,1.261316
1659521001.464468,1.260346
1659521001.531032,1.258419
1659521001.597595,1.256327
1659521001.666207,1.25548
1659521001.731746,1.254297
1659521001.797285,1.253735
1659521001.864361,1.253565
1659521001.931436,1.253172
1659521001.995951,1.25351
1659521002.06149,1.254128
1659521002.12703,1.255368
1659521002.195641,1.255423
1659521002.262716,1.25205
1659521002.329792,1.24903
1659521002.396355,1.246914
1659521002.46343,1.244471
1659521002.530506,1.242756
1659521002.598093,1.241433
1659521002.664656,1.241046
1659521002.73122,1.240385
1659521002.798295,1.238846
1659521002.865371,1.237422
1659521002.93091,1.235889
1659521002.996449,1.235399
1659521003.061988,1.234798
1659521003.1306,1.233272
1659521003.197163,1.231156
1659521003.263726,1.228613
1659521003.329778,1.226726
1659521003.395829,1.222809
1659521003.462392,1.210211
1659521003.529468,1.206607
1659521003.596543,1.207961
1659521003.662594,1.209635
1659521003.728646,1.209111
1659521003.795209,1.208015
1659521003.862284,1.203853
1659521003.92936,1.199412
1659521003.992851,1.198024
1659521004.058902,1.196486
1659521004.124954,1.195463
1659521004.193565,1.194749
1659521004.259104,1.191948
1659521004.324644,1.188601
1659521004.391719,1.185427
1659521004.458794,1.18347
1659521004.526382,1.183519
1659521004.592945,1.185326
1659521004.659508,1.185678
1659521004.725048,1.184123
1659521004.792635,1.18332
1659521004.860222,1.184172
1659521004.924737,1.18382
1659521004.990277,1.18147
1659521005.055816,1.180073
1659521005.124428,1.179974
1659521005.190991,1.178431
1659521005.257554,1.177887
1659521005.323606,1.177489
1659521005.389657,1.177042
1659521005.455196,1.175905
1659521005.522271,1.175113
1659521005.589347,1.175756
1659521005.656422,1.176498
1659521005.723497,1.178431
1659521005.791085,1.181121
1659521005.857648,1.18262
1659521005.924212,1.185076
1659521005.990775,1.189208
1659521006.05785,1.195156
1659521006.124926,1.202351
1659521006.193537,1.209479
1659521006.259076,1.21294
1659521006.324615,1.216319
1659521006.391179,1.219182
1659521006.457742,1.222542
1659521006.522258,1.226563
1659521006.588821,1.231806
1659521006.655384,1.237092
1659521006.721947,1.241268
1659521006.788511,1.244416
1659521006.855074,1.246636
1659521006.921638,1.248305
1659521006.988201,1.249869
1659521007.054764,1.25177
1659521007.120816,1.253172
1659521007.186867,1.25368
1659521007.254454,1.254073
1659521007.320505,1.254859
1659521007.386557,1.256439
1659521007.451072,1.258419
1659521007.516611,1.259552
1659521007.58215,1.260405
1659521007.649738,1.261371
1659521007.716813,1.26251
1659521007.783889,1.263424
1659521007.850452,1.263937
1659521007.917015,1.26371
1659521007.984091,1.26405
1659521008.051166,1.264395
1659521008.118753,1.264739
1659521008.184293,1.264622
1659521008.249832,1.26428
1659521008.318443,1.265253
1659521008.385007,1.266227
1659521008.45157,1.268181
1659521008.516085,1.26962
1659521008.582649,1.270427
1659521008.649212,1.271294
1659521008.717823,1.271871
1659521008.783875,1.272103
1659521008.849926,1.271871
1659521008.917001,1.273146
1659521008.984076,1.275063
1659521009.051664,1.2778
1659521009.117715,1.277743
1659521009.183767,1.275003
1659521009.249306,1.271813
1659521009.316893,1.269503
1659521009.384481,1.266514
1659521009.45002,1.262282
1659521009.516071,1.258476
1659521009.582123,1.259836
1659521009.64971,1.263424
1659521009.716273,1.267374
1659521009.782837,1.269965
1659521009.848376,1.270198
1659521009.913915,1.268812
1659521009.981503,1.267835
1659521010.048066,1.26634
1659521010.114629,1.264223
1659521010.181192,1.261713
1659521010.247756,1.258023
1659521010.314319,1.256045
1659521010.381395,1.256045
1659521010.44847,1.252107
1659521010.512985,1.230884
1659521010.579548,1.206555
1659521010.646112,1.209425
1659521010.711651,1.214627
1659521010.77719,1.203283
1659521010.844778,1.17739
1659521010.911341,1.165268
1659521010.977904,1.16454
1659521011.044468,1.154204
1659521011.111031,1.145128
1659521011.177594,1.142321
1659521011.245182,1.139482
1659521011.312257,1.137164
1659521011.379333,1.135317
1659521011.445896,1.13297
1659521011.512971,1.131365
1659521011.580046,1.130497
1659521011.64661,1.127761
1659521011.713173,1.126715
1659521011.780761,1.133981
1659521011.847324,1.159709
1659521011.913887,1.212256
1659521011.979426,1.234307
1659521012.045478,1.234525
1659521012.111529,1.220192
1659521012.179116,1.190931
1659521012.246704,1.15995
1659521012.314291,1.143113
1659521012.380855,1.141808
1659521012.447418,1.142227
1659521012.513981,1.143301
1659521012.580544,1.14377
1659521012.64762,1.143162
1659521012.714695,1.139574
1659521012.779211,1.136747
1659521012.845774,1.135363
1659521012.912337,1.132879
1659521012.979924,1.129719
1659521013.045464,1.119316
1659521013.111003,1.10862
1659521013.175518,1.104765
1659521013.243106,1.10324
1659521013.310693,1.09563
1659521013.376744,1.077515
1659521013.442796,1.072597
1659521013.509359,1.070216
1659521013.576434,1.065403
1659521013.64351,1.062286
1659521013.709561,1.062891
1659521013.775612,1.065524
1659521013.842176,1.066826
1659521013.908739,1.067802
1659521013.975302,1.072226
1659521014.04289,1.077515
1659521014.109453,1.077641
1659521014.176016,1.072349
1659521014.241556,1.072143
1659521014.308119,1.074616
1659521014.374682,1.077391
1659521014.441758,1.077558
1659521014.508833,1.07843
1659521014.57642,1.079471
1659521014.642472,1.080431
1659521014.708523,1.082187
1659521014.77611,1.085886
1659521014.843186,1.088253
1659521014.910261,1.088803
1659521014.978873,1.088889
1659521015.044412,1.088845
1659521015.109951,1.08927
1659521015.17549,1.090076
1659521015.241542,1.090332
1659521015.307593,1.089822
1659521015.373644,1.090289
1659521015.439696,1.090587
1659521015.508307,1.090332
1659521015.57487,1.08944
1659521015.641434,1.086223
1659521015.707997,1.084665
1659521015.775072,1.083108
1659521015.842148,1.08206
1659521015.908711,1.08135
1659521015.974762,1.0811
1659521016.040814,1.080264
1659521016.106353,1.079679
1659521016.172916,1.078264
1659521016.23948,1.075733
1659521016.305019,1.07272
1659521016.370558,1.07087
1659521016.43917,1.082355
1659521016.505221,1.097911
1659521016.571272,1.104592
1659521016.637836,1.106208
1659521016.704399,1.106382
1659521016.770962,1.104067
1659521016.83855,1.100678
1659521016.904601,1.0983
1659521016.970652,1.095415
1659521017.037727,1.094386
1659521017.104803,1.093873
1659521017.171878,1.089651
1659521017.238954,1.088465
1659521017.302445,1.089651
1659521017.369008,1.085801
1659521017.435571,1.082941
1659521017.504183,1.081642
1659521017.569722,1.080555
1659521017.635261,1.079971
1659521017.701825,1.078971
1659521017.769924,1.078014
1659521017.838023,1.076851
1659521017.904587,1.076313
1659521017.97115,1.075899
1659521018.037714,1.075526
1659521018.105301,1.077183
1659521018.172888,1.081015
1659521018.238428,1.081977
1659521018.304479,1.081015
1659521018.37053,1.07594
1659521018.439142,1.072924
1659521018.505193,1.072803
1659521018.571244,1.072597
1659521018.634735,1.072021
1659521018.701811,1.070173
1659521018.768886,1.068334
1659521018.835449,1.068171
1659521018.902013,1.069968
1659521018.968576,1.069806
1659521019.035139,1.066744
1659521019.101703,1.062931
1659521019.167754,1.057785
1659521019.233805,1.054115
1659521019.300369,1.052687
1659521019.367615,1.050668
1659521019.434861,1.04807
1659521019.502107,1.046305
1659521019.565598,1.046579
1659521019.631649,1.047991
1659521019.697701,1.0498
1659521019.764264,1.048227
1659521019.830827,1.044389
1659521019.897391,1.042637
1659521019.964466,1.042053
1659521020.031541,1.040812
1659521020.098104,1.039497
1659521020.164668,1.038646
1659521020.231231,1.037875
1659521020.297795,1.035875
1659521020.365382,1.032699
1659521020.432969,1.029925
1659521020.497484,1.027992
1659521020.564048,1.026294
1659521020.630611,1.025503
1659521020.697175,1.024077
1659521020.763738,1.021719
1659521020.831325,1.01952
1659521020.897377,1.01848
1659521020.963428,1.018257
1659521021.029991,1.018296
1659521021.097067,1.017554
1659521021.164142,1.016961
1659521021.230705,1.016592
1659521021.297781,1.015927
1659521021.364856,1.015446
1659521021.431419,1.015964
1659521021.496958,1.016037
1659521021.562498,1.015631
1659521021.629061,1.015446
1659521021.695625,1.015188
1659521021.762188,1.014379
1659521021.828751,1.013386
1659521021.895314,1.014746
1659521021.961195,1.016554
1659521022.027076,1.016629
1659521022.092956,1.011406
1659521022.15952,1.008198
1659521022.226083,1.010018
1659521022.293158,1.012396
1659521022.360234,1.012029
1659521022.426285,1.011992
1659521022.492336,1.016554
1659521022.557876,1.023889
1659521022.625463,1.027728
1659521022.69305,1.028673
1659521022.757565,1.028521
1659521022.823617,1.027878
1659521022.889668,1.030911
1659521022.956232,1.038107
1659521023.022795,1.042015
1659521023.090382,1.042676
1659521023.156434,1.042015
1659521023.222485,1.042365
1659521023.290072,1.040735
1659521023.356636,1.037529
1659521023.423199,1.035493
1659521023.489762,1.038879
1659521023.55735,1.04217
1659521023.624937,1.040695
1659521023.692524,1.039651
1659521023.758064,1.041006
1659521023.823603,1.042676
1659521023.892214,1.043766
1659521023.958778,1.043999
1659521024.025341,1.044272
1659521024.091392,1.043844
1659521024.157444,1.041548
1659521024.221959,1.039575
1659521024.289546,1.041743
1659521024.357134,1.044389
1659521024.423697,1.043882
1659521024.490772,1.041628
1659521024.557848,1.04221
1659521024.625435,1.044429
1659521024.691486,1.044193
1659521024.757538,1.042519
1659521024.824101,1.041859
1659521024.8922,1.042481
1659521024.9603,1.043103
1659521025.025839,1.041937
1659521025.091378,1.041006
1659521025.155894,1.040851
1659521025.222457,1.040501
1659521025.28902,1.041006
1659521025.354559,1.040966
1659521025.420099,1.039497
1659521025.487686,1.012138
1659521025.554761,0.988344
1659521025.621837,0.98681
1659521025.6884,0.990586
1659521025.754964,0.996163
1659521025.821527,1.000692
1659521025.889114,1.003493
1659521025.955678,1.003673
1659521026.022241,1.00461
1659521026.086756,1.007071
1659521026.153831,1.012579
1659521026.220907,1.025353
1659521026.286446,1.035799
1659521026.351985,1.05134
1659521026.420597,1.081684
1659521026.48716,1.097479
1659521026.553724,1.113478
1659521026.621311,1.13758
1659521026.687362,1.159228
1659521026.753413,1.17093
1659521026.821001,1.170342
1659521026.888076,1.123771
1659521026.955152,1.014673
1659521027.021715,0.751386
1659521027.088278,0.437944
1659521027.154842,0.082826
1659521027.221405,0.032779
1659521027.287968,0.030309
1659521027.355556,0.030308
1659521027.422119,0.030309
1659521027.488682,0.030315
1659521027.554222,0.030318
1659521027.620273,0.030317
1659521027.686324,0.030315
1659521027.753911,0.030315
1659521027.820987,0.030314
1659521027.888062,0.030313
1659521027.954626,0.030313
1659521028.021189,0.030312
1659521028.087752,0.030311
1659521028.15534,0.030311
1659521028.221903,0.030311
1659521028.288466,0.03031
1659521028.354006,0.03031
1659521028.419545,0.03031
1659521028.485084,0.030309
1659521028.550623,0.030309
1659521028.616163,0.030309
1659521028.68375,0.030309
1659521028.750313,0.030309
1659521028.816877,0.030309
1659521028.88344,0.030309
1659521028.950003,0.030309
1659521029.016567,0.03031
1659521029.084154,0.030309
1659521029.151742,0.030309
1659521029.218305,0.030309
1659521029.284356,0.030309
1659521029.350407,0.030308
1659521029.416971,0.030309
1659521029.483534,0.030309
1659521029.550097,0.030309
1659521029.616149,0.030309
1659521029.6822,0.030309
1659521029.750811,0.030309
1659521029.816863,0.030309
1659521029.882914,0.030309
1659521029.949477,0.030309
1659521030.016041,0.030309
1659521030.083628,0.030309
1659521030.150703,0.030309
1659521030.217779,0.030309
1659521030.283318,0.030309
1659521030.350905,0.030309
1659521030.418493,0.030309
1659521030.484032,0.030309
1659521030.550083,0.030309
1659521030.616135,0.030309
1659521030.682698,0.030309
1659521030.749261,0.030309
1659521030.816849,0.030309
1659521030.882388,0.030309
1659521030.947927,0.030309
1659521031.014491,0.030309
1659521031.082078,0.030309
1659521031.149665,0.030308
1659521031.215205,0.030309
1659521031.281768,0.030308
1659521031.348331,0.030308
1659521031.415919,0.030309
1659521031.48197,0.030308
1659521031.548021,0.030309
1659521031.614585,0.030309
1659521031.681148,0.030309
1659521031.748735,0.030309
1659521031.814787,0.030309
1659521031.880838,0.030309
1659521031.944329,0.030309
1659521032.011405,0.030308
1659521032.07848,0.03031
1659521032.145043,0.030311
1659521032.211607,0.030308
1659521032.27817,0.030308
1659521032.345757,0.030308
1659521032.412321,0.030308
1659521032.478884,0.030308
1659521032.545447,0.030308
1659521032.61201,0.030308
1659521032.679598,0.030308
1659521032.746673,0.030308
1659521032.813749,0.030308
1659521032.878264,0.030308
1659521032.944827,0.030308
1659521033.01139,0.030309
1659521033.080002,0.030309
