LocalTimestamp,TH
1659514494.120975,33.487
1659514494.225548,33.143
1659514494.329095,33.172
1659514494.438794,33.137
1659514494.638712,33.144
1659514494.743285,33.062
1659514494.845807,33.069
1659514495.052902,33.161
1659514495.15645,33.168
1659514495.259997,33.072
1659514495.371746,33.08
1659514495.597295,33.124
1659514495.700843,33.124
1659514495.805415,33.173
1659514495.973552,33.18
1659514496.077099,33.155
1659514496.180647,33.162
1659514496.389792,33.106
1659514496.491289,33.106
1659514496.594837,33.178
1659514496.710687,33.186
1659514496.917782,33.191
1659514497.021329,33.191
1659514497.123852,33.116
1659514497.23355,33.123
1659514497.435519,33.139
1659514497.538041,33.147
1659514497.641589,33.158
1659514497.85381,33.158
1659514497.956332,33.196
1659514498.05988,33.196
1659514498.166503,33.203
1659514498.371547,33.21
1659514498.474069,33.171
1659514498.577617,33.171
1659514498.784712,33.18
1659514498.888259,33.187
1659514498.991807,33.185
1659514499.09638,33.185
1659514499.308601,33.264
1659514499.412148,33.272
1659514499.515696,33.204
1659514499.72279,33.204
1659514499.825313,33.195
1659514499.92886,33.195
1659514500.032408,33.281
1659514500.239503,33.288
1659514500.34305,33.284
1659514500.447623,33.284
1659514500.654718,33.218
1659514500.773643,33.225
1659514500.892569,33.247
1659514501.021747,33.247
1659514501.124269,33.273
1659514501.229867,33.272
1659514501.445164,33.265
1659514501.548712,33.265
1659514501.652259,33.249
1659514501.758882,33.256
1659514501.962902,33.21
1659514502.066449,33.21
1659514502.169997,33.285
1659514502.378117,33.285
1659514502.480639,33.242
1659514502.584186,33.25
1659514502.690809,33.257
1659514502.895854,33.257
1659514502.998376,33.252
1659514503.101924,33.252
1659514503.309019,33.234
1659514503.412566,33.241
1659514503.516114,33.292
1659514503.623762,33.292
1659514503.827781,33.316
1659514503.930304,33.316
1659514504.033851,33.248
1659514504.240946,33.255
1659514504.344493,33.246
1659514504.448041,33.246
1659514504.555689,33.272
1659514504.758683,33.272
1659514504.862231,33.281
1659514504.965778,33.288
1659514505.176974,33.321
1659514505.278471,33.321
1659514505.382019,33.295
1659514505.486591,33.295
1659514505.693686,33.363
1659514505.797234,33.37
1659514505.901806,33.333
1659514506.062766,33.333
1659514506.165289,33.286
1659514506.372384,33.286
1659514506.476956,33.256
1659514506.579479,33.263
1659514506.684051,33.366
1659514506.890121,33.366
1659514506.993668,33.296
1659514507.097216,33.296
1659514507.310462,33.329
1659514507.412984,33.336
1659514507.517557,33.343
1659514507.620079,33.343
1659514507.827174,33.329
1659514507.930722,33.336
1659514508.035294,33.297
1659514508.241364,33.297
1659514508.344912,33.329
1659514508.449484,33.329
1659514508.552006,33.337
1659514508.759101,33.337
1659514508.862649,33.276
1659514508.967222,33.283
1659514509.173291,33.323
1659514509.276839,33.323
1659514509.380386,33.267
1659514509.484959,33.267
1659514509.691029,33.377
1659514509.794576,33.384
1659514509.898124,33.454
1659514510.105219,33.454
1659514510.208766,33.435
1659514510.313339,33.442
1659514510.415861,33.445
1659514510.622956,33.445
1659514510.726503,33.366
1659514510.830051,33.366
1659514511.037146,33.349
1659514511.146845,33.357
1659514511.291401,33.38
1659514511.394948,33.38
1659514511.498496,33.432
1659514511.610245,33.439
1659514511.810164,33.383
1659514511.913711,33.383
1659514512.017259,33.476
1659514512.223328,33.483
1659514512.327901,33.546
1659514512.430423,33.546
1659514512.541147,33.381
1659514512.741066,33.388
1659514512.845638,33.439
1659514512.949186,33.439
1659514513.155256,33.428
1659514513.258803,33.428
1659514513.36235,33.465
1659514513.569445,33.473
1659514513.672993,33.491
1659514513.77654,33.491
1659514513.880088,33.526
1659514514.088208,33.533
1659514514.191756,33.555
1659514514.294278,33.555
1659514514.501373,33.447
1659514514.60492,33.447
1659514514.708467,33.52
1659514514.812015,33.527
1659514515.01911,33.555
1659514515.124708,33.555
1659514515.226205,33.471
1659514515.336929,33.478
1659514515.538898,33.493
1659514515.642445,33.493
1659514515.745993,33.497
1659514515.958214,33.497
1659514516.061761,33.493
1659514516.165309,33.5
1659514516.268856,33.523
1659514516.51696,33.523
1659514516.621533,33.486
1659514516.724055,33.486
1659514516.827602,33.565
1659514516.932175,33.565
1659514517.138245,33.477
1659514517.241792,33.484
1659514517.34534,33.559
1659514517.55346,33.559
1659514517.655982,33.517
1659514517.75953,33.517
1659514517.864102,33.591
1659514518.078374,33.591
1659514518.182947,33.521
1659514518.285469,33.528
1659514518.396193,33.522
1659514518.596111,33.522
1659514518.700684,33.629
1659514518.803206,33.629
1659514519.010301,33.526
1659514519.113849,33.526
1659514519.217396,33.545
1659514519.424491,33.545
1659514519.528039,33.484
1659514519.632611,33.492
1659514519.736159,33.634
1659514519.942228,33.627
1659514520.045776,33.559
1659514520.167777,33.559
1659514520.2703,33.606
1659514520.477395,33.613
1659514520.580942,33.627
1659514520.68654,33.627
1659514520.793163,33.571
1659514520.998208,33.571
1659514521.10073,33.58
1659514521.204277,33.58
1659514521.411372,33.618
1659514521.51492,33.618
1659514521.618467,33.639
1659514521.813259,33.639
1659514521.918857,33.529
1659514522.022405,33.529
1659514522.126977,33.599
1659514522.334073,33.599
1659514522.436595,33.66
1659514522.540142,33.667
1659514522.747237,33.623
1659514522.850785,33.623
1659514522.954332,33.539
1659514523.058905,33.539
1659514523.264975,33.658
1659514523.368522,33.658
1659514523.473095,33.532
1659514523.679164,33.532
1659514523.782712,33.534
1659514523.886259,33.534
1659514523.990832,33.553
1659514524.196902,33.553
1659514524.300449,33.595
1659514524.403997,33.602
1659514524.611092,33.609
1659514524.714639,33.602
1659514524.818187,33.607
1659514524.922759,33.614
1659514525.128829,33.614
1659514525.232377,33.614
1659514525.335924,33.665
1659514525.543019,33.665
1659514525.646566,33.646
1659514525.750114,33.646
1659514525.854686,33.628
1659514526.060756,33.628
1659514526.164304,33.574
1659514526.267851,33.574
1659514526.474946,33.598
1659514526.578494,33.598
1659514526.682041,33.658
1659514526.785589,33.665
1659514527.026516,33.54
1659514527.135189,33.54
1659514527.235661,33.61
1659514527.339209,33.61
1659514527.447882,33.619
1659514527.649851,33.619
1659514527.753399,33.577
1659514527.856946,33.577
1659514528.064041,33.593
1659514528.167588,33.593
1659514528.271136,33.572
1659514528.377759,33.572
1659514528.581778,33.607
1659514528.686351,33.607
1659514528.788873,33.661
1659514528.995968,33.661
1659514529.099516,33.619
1659514529.203063,33.619
1659514529.308661,33.551
1659514529.514731,33.559
1659514529.617253,33.67
1659514529.720801,33.67
1659514529.928921,33.65
1659514530.031443,33.65
1659514530.13499,33.575
1659514530.243664,33.575
1659514530.449734,33.603
1659514530.553281,33.603
1659514530.657854,33.584
1659514530.864949,33.584
1659514530.967471,33.561
1659514531.071018,33.561
1659514531.247357,33.617
1659514531.350904,33.617
1659514531.453427,33.594
1659514531.662572,33.594
1659514531.764069,33.647
1659514531.867616,33.647
1659514531.97629,33.587
1659514532.179284,33.587
1659514532.281806,33.729
1659514532.385354,33.736
1659514532.593474,33.638
1659514532.695996,33.631
1659514532.799544,33.675
1659514532.904116,33.683
1659514533.110186,33.615
1659514533.213734,33.615
1659514533.317281,33.624
1659514533.524376,33.624
1659514533.627923,33.687
1659514533.731471,33.687
1659514533.836044,33.687
1659514534.042113,33.687
1659514534.145661,33.692
1659514534.249208,33.692
1659514534.456303,33.683
1659514534.559851,33.683
1659514534.663398,33.597
1659514534.768996,33.597
1659514534.975066,33.704
1659514535.077588,33.704
1659514535.181135,33.655
1659514535.389256,33.655
1659514535.491778,33.571
1659514535.595325,33.578
1659514535.699898,33.678
1659514535.905968,33.678
1659514536.009515,33.683
1659514536.114088,33.683
1659514536.321183,33.722
1659514536.423705,33.722
1659514536.527253,33.674
1659514536.631825,33.674
1659514536.846097,33.66
1659514536.95067,33.66
1659514537.053192,33.636
1659514537.162891,33.636
1659514537.363834,33.692
1659514537.467382,33.692
1659514537.571954,33.62
1659514537.779049,33.62
1659514537.882597,33.732
1659514537.985119,33.732
1659514538.192214,33.562
1659514538.295761,33.562
1659514538.399309,33.681
1659514538.503882,33.681
1659514538.710977,33.667
1659514538.815549,33.667
1659514538.917046,33.634
1659514539.02572,33.641
1659514539.228714,33.679
1659514539.331236,33.672
1659514539.434784,33.685
1659514539.642904,33.693
1659514539.746451,33.716
1659514539.848974,33.716
1659514540.056068,33.597
1659514540.160641,33.597
1659514540.263163,33.63
1659514540.369787,33.63
1659514540.575856,33.667
1659514540.680429,33.667
1659514540.782951,33.679
1659514540.894701,33.679
1659514541.094619,33.637
1659514541.197141,33.637
1659514541.300689,33.605
1659514541.507783,33.605
1659514541.611331,33.635
1659514541.714879,33.635
1659514541.823552,33.732
1659514542.025521,33.732
1659514542.129068,33.609
1659514542.232616,33.609
1659514542.439711,33.686
1659514542.543258,33.686
1659514542.646806,33.698
1659514542.753429,33.705
1659514542.911313,33.647
1659514543.022037,33.647
1659514543.22093,33.688
1659514543.325503,33.688
1659514543.428025,33.679
1659514543.63512,33.679
1659514543.739693,33.754
1659514543.842215,33.754
1659514544.04931,33.614
1659514544.152858,33.614
1659514544.25743,33.712
1659514544.359952,33.712
1659514544.567047,33.733
1659514544.670595,33.733
1659514544.774142,33.64
1659514544.882816,33.64
1659514545.084785,33.721
1659514545.188332,33.721
1659514545.29188,33.812
1659514545.5,33.819
1659514545.602522,33.61
1659514545.70607,33.602
1659514545.812693,33.656
1659514546.017737,33.663
1659514546.12026,33.675
1659514546.223807,33.675
1659514546.430902,33.745
1659514546.534449,33.745
1659514546.639022,33.682
1659514546.845092,33.675
1659514546.948639,33.64
1659514547.052187,33.647
1659514547.155734,33.645
1659514547.362829,33.645
1659514547.467402,33.663
1659514547.571975,33.663
1659514547.679623,33.735
1659514547.881592,33.735
1659514547.984114,33.693
1659514548.092788,33.693
1659514548.300908,33.663
1659514548.404455,33.663
1659514548.509028,33.659
1659514548.612575,33.659
1659514548.818645,33.794
1659514548.922193,33.794
1659514549.026765,33.724
1659514549.232835,33.724
1659514549.336382,33.705
1659514549.448132,33.705
1659514549.560906,33.647
1659514549.766976,33.647
1659514549.870523,33.652
1659514549.978172,33.652
1659514550.080694,33.696
1659514550.287789,33.696
1659514550.392362,33.6
1659514550.495909,33.6
1659514550.701979,33.629
1659514550.805526,33.629
1659514550.910099,33.724
1659514551.012621,33.724
1659514551.219716,33.624
1659514551.324289,33.624
1659514551.426811,33.698
1659514551.537535,33.698
1659514551.737453,33.761
1659514551.842026,33.761
1659514551.944548,33.712
1659514552.151644,33.72
1659514552.255191,33.72
1659514552.358738,33.72
1659514552.565833,33.694
1659514552.670406,33.694
1659514552.774979,33.687
1659514552.876476,33.687
1659514553.083571,33.71
1659514553.187118,33.71
1659514553.326548,33.692
1659514553.429071,33.692
1659514553.535694,33.671
1659514553.747915,33.671
1659514553.850437,33.748
1659514553.953984,33.748
1659514554.161079,33.722
1659514554.264627,33.722
1659514554.368175,33.678
1659514554.471722,33.678
1659514554.678817,33.685
1659514554.782364,33.685
1659514554.886937,33.696
1659514555.093007,33.696
1659514555.196554,33.724
1659514555.304203,33.724
1659514555.405699,33.722
1659514555.612795,33.722
1659514555.716342,33.71
1659514555.81989,33.71
1659514556.026984,33.68
1659514556.130532,33.68
1659514556.235105,33.659
1659514556.338652,33.659
1659514556.544722,33.662
1659514556.649294,33.669
1659514556.751817,33.692
1659514556.958912,33.685
1659514557.062459,33.708
1659514557.166007,33.708
1659514557.269554,33.722
1659514557.476649,33.729
1659514557.582247,33.72
1659514557.683744,33.72
1659514557.793443,33.713
1659514557.994386,33.713
1659514558.097934,33.753
1659514558.201481,33.753
1659514558.408576,33.681
1659514558.513149,33.681
1659514558.622848,33.72
1659514558.727421,33.72
1659514558.934515,33.757
1659514559.042164,33.757
1659514559.145711,33.715
1659514559.351781,33.715
1659514559.455328,33.683
1659514559.558876,33.683
1659514559.663449,33.669
1659514559.869518,33.669
1659514559.973066,33.741
1659514560.076613,33.741
1659514560.283708,33.723
1659514560.387256,33.723
1659514560.491828,33.744
1659514560.594351,33.744
1659514560.722503,33.718
1659514560.923447,33.725
1659514561.02802,33.704
1659514561.130542,33.697
1659514561.337637,33.681
1659514561.44221,33.681
1659514561.544732,33.764
1659514561.655456,33.772
1659514561.857425,33.744
1659514561.961998,33.744
1659514562.06452,33.746
1659514562.271615,33.746
1659514562.376187,33.718
1659514562.478709,33.718
1659514562.589434,33.716
1659514562.790377,33.716
1659514562.893925,33.716
1659514562.996447,33.716
1659514563.203542,33.76
1659514563.310165,33.76
1659514563.412687,33.758
1659514563.518285,33.758
1659514563.72333,33.737
1659514563.900693,33.737
1659514564.005266,33.711
1659514564.108813,33.711
1659514564.211336,33.702
1659514564.317959,33.702
1659514564.523003,33.744
1659514564.626551,33.744
1659514564.729073,33.681
1659514564.937193,33.681
1659514565.04074,33.739
1659514565.143263,33.739
1659514565.251936,33.746
1659514565.453905,33.746
1659514565.557453,33.7
1659514565.661,33.7
1659514565.86912,33.644
1659514565.972668,33.644
1659514566.07519,33.679
1659514566.180788,33.679
1659514566.334571,33.681
1659514566.488355,33.688
1659514566.588826,33.712
1659514566.795922,33.712
1659514566.898444,33.756
1659514567.001991,33.756
1659514567.11169,33.7
1659514567.312634,33.7
1659514567.417206,33.707
1659514567.519729,33.707
1659514567.726824,33.737
1659514567.831396,33.737
1659514567.933918,33.721
1659514568.044642,33.721
1659514568.245586,33.714
1659514568.349133,33.714
1659514568.451656,33.733
1659514568.586473,33.733
1659514568.721289,33.688
1659514568.922233,33.688
1659514569.02578,33.86
1659514569.130353,33.86
1659514569.336423,33.705
1659514569.43997,33.705
1659514569.544543,33.826
1659514569.64809,33.826
1659514569.85416,33.663
1659514569.957708,33.663
1659514570.061255,33.735
1659514570.26835,33.735
1659514570.372923,33.788
1659514570.47647,33.788
1659514570.580018,33.751
1659514570.786088,33.751
1659514570.89066,33.761
1659514571.032141,33.768
1659514571.133638,33.845
1659514571.240261,33.845
1659514571.44428,33.719
1659514571.548853,33.712
1659514571.651375,33.782
1659514571.859495,33.789
1659514571.962018,33.71
1659514572.065565,33.71
1659514572.172188,33.731
1659514572.382359,33.731
1659514572.485906,33.84
1659514572.590479,33.84
1659514572.796549,33.742
1659514572.909323,33.742
1659514573.011845,33.747
1659514573.115393,33.747
1659514573.322488,33.798
1659514573.426035,33.798
1659514573.529583,33.801
1659514573.634156,33.801
1659514573.840225,33.747
1659514573.943773,33.747
1659514574.04732,33.705
1659514574.254415,33.705
1659514574.357963,33.749
1659514574.46151,33.749
1659514574.569158,33.773
1659514574.772152,33.773
1659514574.8757,33.736
1659514574.979247,33.736
1659514575.188393,33.784
1659514575.28989,33.784
1659514575.393437,33.805
1659514575.544145,33.805
1659514575.656919,33.719
1659514575.763543,33.719
1659514575.967562,33.789
1659514576.071109,33.789
1659514576.182859,33.731
1659514576.388928,33.731
1659514576.492476,33.768
1659514576.596023,33.768
1659514576.699571,33.796
1659514576.906666,33.803
1659514577.010213,33.747
1659514577.114786,33.74
1659514577.320856,33.775
1659514577.424403,33.782
1659514577.527951,33.785
1659514577.632523,33.785
1659514577.882678,33.701
1659514577.986225,33.701
1659514578.090798,33.775
1659514578.19332,33.775
1659514578.299943,33.826
1659514578.504987,33.826
1659514578.608535,33.796
1659514578.713108,33.796
1659514578.919178,33.775
1659514579.022725,33.775
1659514579.126272,33.845
1659514579.22982,33.845
1659514579.444091,33.773
1659514579.547639,33.773
1659514579.661438,33.743
1659514579.764986,33.743
1659514579.974131,33.736
1659514580.123814,33.736
1659514580.226336,33.848
1659514580.330909,33.848
1659514580.433431,33.834
1659514580.641551,33.834
1659514580.745099,33.82
1659514580.849671,33.82
1659514580.95732,33.731
1659514581.159289,33.731
1659514581.262836,33.757
1659514581.365358,33.757
1659514581.572453,33.799
1659514581.676001,33.799
1659514581.779548,33.747
1659514581.888222,33.747
1659514582.091216,33.775
1659514582.193738,33.775
1659514582.297286,33.787
1659514582.440304,33.787
1659514582.583323,33.834
1659514582.782216,33.834
1659514582.913444,33.815
1659514583.016992,33.822
1659514583.120539,33.818
1659514583.225112,33.818
1659514583.431182,33.799
1659514583.535754,33.792
1659514583.641352,33.815
1659514583.847422,33.822
1659514583.950969,33.766
1659514584.055542,33.766
1659514584.164216,33.706
1659514584.372336,33.706
1659514584.474858,33.797
1659514584.578406,33.797
1659514584.68913,33.783
1659514584.832661,33.783
1659514584.976192,33.829
1659514585.082815,33.829
1659514585.295036,33.834
1659514585.399609,33.834
1659514585.503156,33.806
1659514585.709226,33.806
1659514585.812773,33.748
1659514585.916321,33.748
1659514586.019868,33.799
1659514586.226963,33.799
1659514586.330511,33.846
1659514586.436109,33.845
1659514586.641153,33.815
1659514586.744701,33.815
1659514586.849273,33.736
1659514586.952821,33.736
1659514587.15889,33.813
1659514587.262438,33.813
1659514587.365986,33.778
1659514587.573081,33.778
1659514587.676628,33.76
1659514587.781201,33.767
1659514587.883723,33.727
1659514588.091843,33.72
1659514588.19539,33.764
1659514588.297913,33.772
1659514588.407612,33.827
1659514588.608555,33.827
1659514588.713128,33.785
1659514588.81565,33.785
1659514589.022745,33.844
1659514589.126292,33.844
1659514589.22984,33.823
1659514589.341589,33.823
1659514589.540483,33.813
1659514589.64403,33.813
1659514589.747577,33.851
1659514589.954672,33.851
1659514590.05822,33.788
1659514590.235583,33.788
1659514590.340156,33.811
1659514590.442678,33.811
1659514590.546226,33.769
1659514590.753321,33.769
1659514590.856868,33.767
1659514590.961441,33.767
1659514591.167511,33.834
1659514591.272083,33.834
1659514591.374605,33.793
1659514591.478153,33.793
1659514591.687298,33.844
1659514591.791871,33.844
1659514591.895418,33.788
1659514592.006143,33.788
1659514592.205036,33.813
1659514592.308583,33.813
1659514592.412131,33.797
1659514592.619226,33.797
1659514592.722773,33.876
1659514592.82632,33.876
1659514592.939095,33.723
1659514593.136963,33.723
1659514593.241536,33.79
1659514593.344058,33.79
1659514593.551153,33.904
1659514593.6547,33.904
1659514593.758248,33.774
1659514593.867947,33.774
1659514594.06889,33.86
1659514594.172438,33.86
1659514594.275985,33.848
1659514594.484105,33.848
1659514594.587653,33.788
1659514594.690175,33.788
1659514594.798849,33.851
1659514595.001843,33.851
1659514595.104365,33.753
1659514595.208938,33.753
1659514595.355544,33.816
1659514595.502151,33.816
1659514595.605699,33.755
1659514595.811768,33.755
1659514595.915316,33.755
1659514596.018863,33.755
1659514596.225958,33.865
1659514596.329506,33.865
1659514596.433053,33.842
1659514596.536601,33.842
1659514596.743696,33.818
1659514596.848268,33.818
1659514596.966169,33.83
1659514597.069716,33.83
1659514597.274761,33.83
1659514597.378308,33.83
1659514597.481856,33.781
1659514597.593605,33.781
1659514597.801725,33.746
1659514597.904248,33.746
1659514598.00882,33.86
1659514598.21489,33.86
1659514598.318437,33.776
1659514598.421985,33.776
1659514598.527583,33.825
1659514598.733653,33.825
1659514598.836175,33.765
1659514598.939722,33.765
1659514599.146817,33.846
1659514599.250365,33.846
1659514599.353912,33.844
1659514599.460535,33.851
1659514599.664555,33.877
1659514599.768102,33.869
1659514599.87165,33.844
1659514600.078744,33.844
1659514600.182292,33.846
1659514600.285839,33.846
1659514600.389387,33.809
1659514600.596482,33.809
1659514600.697466,33.865
1659514600.798451,33.865
1659514601.00247,33.893
1659514601.107043,33.9
1659514601.209565,33.807
1659514601.320289,33.807
1659514601.520207,33.795
1659514601.62478,33.795
1659514601.728328,33.83
1659514601.934397,33.83
1659514602.037945,33.814
1659514602.141492,33.814
1659514602.348587,33.795
1659514602.452134,33.795
1659514602.555682,33.768
1659514602.672557,33.768
1659514602.877602,33.807
1659514602.981149,33.807
1659514603.084697,33.818
1659514603.18927,33.818
1659514603.395339,33.835
1659514603.498887,33.828
1659514603.602434,33.814
1659514603.809529,33.821
1659514603.917177,33.763
1659514604.020725,33.763
1659514604.124272,33.804
1659514604.331367,33.804
1659514604.443117,33.856
1659514604.545639,33.856
1659514604.650212,33.791
1659514604.856281,33.784
1659514604.961879,33.814
1659514605.065427,33.821
1659514605.273547,33.872
1659514605.376069,33.872
1659514605.479616,33.795
1659514605.584189,33.795
1659514605.790259,33.753
1659514605.893806,33.746
1659514606.083472,33.835
1659514606.195222,33.842
1659514606.297744,33.832
1659514606.402317,33.825
1659514606.515091,33.749
1659514606.721161,33.756
1659514606.824708,33.835
1659514606.928256,33.835
1659514607.135351,33.812
1659514607.238898,33.812
1659514607.342446,33.884
1659514607.447018,33.883
1659514607.653088,33.821
1659514607.756636,33.821
1659514607.860183,33.826
1659514608.069329,33.826
1659514608.170825,33.8
1659514608.274373,33.8
1659514608.37792,33.914
1659514608.585016,33.914
1659514608.688563,33.786
1659514608.79211,33.786
1659514608.999205,33.816
1659514609.102753,33.816
1659514609.207325,33.788
1659514609.374437,33.788
1659514609.477984,33.87
1659514609.580507,33.87
1659514609.787601,33.83
1659514609.892174,33.83
1659514609.994696,33.763
1659514610.104395,33.763
1659514610.305339,33.777
1659514610.410937,33.777
1659514610.512434,33.832
1659514610.719529,33.832
1659514610.823076,33.812
1659514610.927649,33.812
1659514611.133718,33.835
1659514611.228552,33.835
1659514611.323385,33.805
1659514611.447437,33.805
1659514611.653506,33.839
1659514611.757054,33.839
1659514611.861626,33.83
1659514612.067696,33.823
1659514612.172269,33.758
1659514612.276842,33.765
1659514612.38244,33.849
1659514612.589535,33.849
1659514612.693082,33.9
1659514612.796629,33.9
1659514612.902227,33.849
1659514613.107272,33.842
1659514613.210819,33.839
1659514613.314367,33.839
1659514613.521462,33.867
1659514613.625009,33.875
1659514613.728557,33.756
1659514613.834155,33.756
1659514614.040224,33.877
1659514614.142746,33.877
1659514614.246294,33.83
1659514614.453389,33.83
1659514614.556937,33.83
1659514614.660484,33.83
1659514614.766082,33.807
1659514614.972152,33.807
1659514615.093128,33.76
1659514615.196675,33.76
1659514615.301248,33.818
1659514615.507318,33.818
1659514615.610865,33.83
1659514615.714413,33.83
1659514615.921508,33.744
1659514616.025055,33.744
1659514616.128603,33.821
1659514616.233175,33.821
1659514616.401312,33.812
1659514616.569448,33.812
1659514616.685298,33.819
1659514616.787821,33.819
1659514616.892393,33.807
1659514617.098463,33.807
1659514617.20201,33.844
1659514617.305558,33.844
1659514617.513678,33.881
1659514617.617226,33.881
1659514617.719748,33.716
1659514617.825346,33.716
1659514618.03039,33.772
1659514618.133938,33.765
1659514618.237485,33.872
1659514618.416387,33.879
1659514618.595288,33.788
1659514618.700886,33.788
1659514618.806484,33.84
1659514618.960267,33.839
1659514619.083294,33.898
1659514619.185816,33.898
1659514619.289363,33.793
1659514619.496458,33.793
1659514619.600006,33.786
1659514619.703553,33.786
1659514619.911674,33.823
1659514620.014196,33.823
1659514620.117743,33.826
1659514620.222316,33.826
1659514620.428386,33.756
1659514620.531933,33.756
1659514620.635481,33.821
1659514620.843601,33.821
1659514620.946123,33.779
1659514621.04967,33.779
1659514621.155268,33.802
1659514621.360313,33.802
1659514621.46386,33.765
1659514621.567408,33.765
1659514621.803209,33.821
1659514621.905731,33.821
1659514622.010304,33.835
1659514622.112826,33.835
1659514622.218424,33.886
1659514622.424494,33.886
1659514622.527016,33.844
1659514622.630563,33.844
1659514622.839709,33.826
1659514622.941206,33.826
1659514623.044754,33.807
1659514623.152402,33.807
1659514623.356421,33.844
1659514623.458943,33.844
1659514623.562491,33.821
1659514623.769586,33.821
1659514623.873133,33.749
1659514623.976681,33.749
1659514624.08638,33.809
1659514624.289374,33.809
1659514624.390871,33.839
1659514624.494418,33.839
1659514624.702538,33.779
1659514624.806086,33.779
1659514624.909633,33.835
1659514625.014206,33.835
1659514625.223351,33.849
1659514625.325873,33.849
1659514625.429421,33.835
1659514625.636516,33.835
1659514625.741089,33.839
1659514625.843611,33.839
1659514625.949209,33.742
1659514626.154253,33.742
1659514626.257801,33.877
1659514626.361348,33.877
1659514626.568443,33.905
1659514626.671991,33.905
1659514626.777589,33.853
1659514626.880111,33.853
1659514627.065676,33.86
1659514627.168198,33.86
1659514627.278922,33.851
1659514627.478841,33.851
1659514627.582388,33.809
1659514627.685936,33.809
1659514627.895081,33.779
1659514627.997603,33.779
1659514628.101151,33.735
1659514628.206749,33.728
1659514628.411793,33.807
1659514628.515341,33.814
1659514628.618888,33.865
1659514628.827008,33.865
1659514628.929531,33.849
1659514629.033078,33.849
1659514629.138676,33.835
1659514629.344746,33.828
1659514629.447268,33.844
1659514629.550815,33.844
1659514629.75791,33.844
1659514629.861458,33.844
1659514629.96603,33.804
1659514630.072654,33.804
1659514630.275648,33.737
1659514630.379195,33.737
1659514630.482743,33.786
1659514630.689837,33.786
1659514630.79441,33.763
1659514630.896933,33.763
1659514631.004581,33.816
1659514631.209625,33.823
1659514631.311122,33.832
1659514631.41467,33.825
1659514631.62279,33.814
1659514631.725312,33.814
1659514631.82886,33.8
1659514631.936508,33.8
1659514632.140527,33.811
1659514632.252277,33.818
1659514632.364026,33.795
1659514632.470649,33.788
1659514632.676719,33.637
1659514632.780266,33.637
1659514632.883814,33.774
1659514633.090909,33.774
1659514633.194456,33.804
1659514633.298004,33.804
1659514633.402576,33.867
1659514633.608646,33.867
1659514633.712193,33.816
1659514633.815741,33.816
1659514634.022836,33.804
1659514634.126383,33.804
1659514634.230956,33.807
1659514634.336554,33.807
1659514634.543649,33.802
1659514634.647196,33.802
1659514634.750744,33.858
1659514634.860443,33.858
1659514635.061386,33.758
1659514635.165959,33.758
1659514635.268481,33.755
1659514635.476601,33.755
1659514635.581174,33.834
1659514635.683696,33.834
1659514635.79442,33.807
1659514635.995364,33.807
1659514636.097886,33.751
1659514636.201434,33.751
1659514636.408529,33.858
1659514636.512076,33.858
1659514636.615623,33.839
1659514636.726348,33.839
1659514636.927291,33.79
1659514637.031864,33.79
1659514637.133361,33.832
1659514637.340456,33.832
1659514637.445029,33.799
1659514637.648023,33.792
1659514637.752595,33.771
1659514637.856143,33.771
1659514637.960716,33.855
1659514638.063238,33.862
1659514638.270333,33.79
1659514638.37388,33.79
1659514638.479478,33.739
1659514638.684523,33.732
1659514638.822927,33.873
1659514638.928525,33.873
1659514639.030023,33.846
1659514639.13357,33.846
1659514639.340665,33.746
1659514639.444212,33.746
1659514639.548785,33.794
1659514639.66566,33.794
1659514639.872755,33.809
1659514639.977328,33.809
1659514640.07985,33.699
1659514640.186473,33.699
1659514640.392543,33.769
1659514640.496091,33.769
1659514640.599638,33.788
1659514640.806733,33.788
1659514640.911306,33.741
1659514641.014853,33.741
1659514641.118401,33.766
1659514641.325496,33.766
1659514641.429043,33.755
1659514641.533616,33.755
1659514641.739686,33.762
1659514641.844258,33.762
1659514641.94678,33.848
1659514642.051353,33.848
1659514642.26665,33.729
1659514642.370197,33.729
1659514642.473745,33.836
1659514642.585494,33.836
1659514642.738765,33.746
1659514642.892036,33.746
1659514643.005835,33.734
1659514643.116559,33.734
1659514643.316478,33.755
1659514643.421051,33.755
1659514643.523573,33.836
1659514643.730668,33.829
1659514643.834215,33.741
1659514643.937762,33.741
1659514644.045411,33.738
1659514644.248405,33.738
1659514644.352978,33.829
1659514644.4555,33.829
1659514644.664645,33.782
1659514644.766142,33.782
1659514644.86969,33.727
1659514644.981439,33.727
1659514645.187509,33.701
1659514645.291056,33.701
1659514645.394604,33.731
1659514645.511479,33.731
1659514645.712423,33.699
1659514645.81597,33.699
1659514645.918492,33.794
1659514646.125587,33.794
1659514646.23016,33.764
1659514646.333708,33.764
1659514646.444432,33.738
1659514646.64435,33.738
1659514646.746872,33.715
1659514646.85042,33.715
1659514647.057515,33.771
1659514647.161062,33.771
1659514647.26461,33.796
1659514647.374308,33.796
1659514647.577302,33.787
1659514647.679825,33.787
1659514647.783372,33.789
1659514647.950483,33.782
1659514648.117595,33.847
1659514648.235495,33.854
1659514648.338017,33.747
1659514648.44259,33.747
1659514648.65071,33.801
1659514648.752207,33.801
1659514648.855755,33.736
1659514649.06285,33.729
1659514649.166397,33.752
1659514649.269945,33.759
1659514649.373492,33.769
1659514649.580587,33.761
1659514649.684135,33.81
1659514649.796909,33.81
1659514649.902507,33.717
1659514650.106526,33.724
1659514650.210074,33.84
1659514650.318747,33.833
1659514650.524817,33.726
1659514650.62939,33.726
1659514650.731912,33.819
1659514650.838535,33.819
1659514651.04358,33.754
1659514651.147127,33.754
1659514651.250675,33.722
1659514651.45777,33.722
1659514651.561317,33.717
1659514651.664865,33.717
1659514651.769437,33.728
1659514651.976532,33.728
1659514652.079054,33.759
1659514652.182602,33.759
1659514652.389697,33.873
1659514652.493244,33.873
1659514652.596792,33.798
1659514652.700339,33.798
1659514652.911535,33.752
1659514653.016108,33.752
1659514653.11863,33.766
1659514653.230379,33.766
1659514653.405692,33.726
1659514653.517442,33.726
1659514653.629191,33.719
1659514653.828084,33.719
1659514653.932657,33.705
1659514654.035179,33.705
1659514654.242274,33.728
1659514654.345821,33.728
1659514654.450394,33.719
1659514654.656464,33.719
1659514654.760011,33.717
1659514654.863559,33.717
1659514654.968131,33.761
1659514655.174201,33.761
1659514655.277749,33.661
1659514655.382321,33.661
1659514655.588391,33.7
1659514655.692964,33.7
1659514655.797536,33.722
1659514655.899033,33.722
1659514656.106128,33.756
1659514656.210701,33.756
1659514656.313223,33.768
1659514656.520318,33.768
1659514656.623866,33.763
1659514656.728438,33.763
1659514656.830961,33.742
1659514657.038056,33.742
1659514657.142628,33.738
1659514657.245151,33.738
1659514657.452245,33.824
1659514657.555793,33.824
1659514657.660366,33.761
1659514657.762888,33.761
1659514657.969983,33.787
1659514658.07353,33.787
1659514658.177078,33.784
1659514658.384173,33.784
1659514658.48772,33.738
1659514658.662008,33.738
1659514658.76453,33.789
1659514658.868078,33.789
1659514658.971625,33.78
1659514659.17872,33.78
1659514659.282268,33.691
1659514659.385815,33.691
1659514659.490388,33.789
1659514659.696457,33.789
1659514659.800005,33.861
1659514659.903553,33.861
1659514660.110647,33.719
1659514660.214195,33.719
1659514660.317742,33.805
1659514660.42129,33.805
1659514660.628385,33.812
1659514660.731932,33.812
1659514660.83548,33.773
1659514661.0436,33.773
1659514661.146122,33.784
1659514661.24967,33.784
1659514661.354242,33.796
1659514661.560312,33.796
1659514661.663859,33.768
1659514661.767407,33.768
1659514661.98783,33.77
1659514662.090352,33.77
1659514662.193899,33.768
1659514662.297447,33.768
1659514662.51992,33.773
1659514662.622442,33.773
1659514662.72599,33.777
1659514662.829537,33.777
1659514663.037657,33.766
1659514663.14018,33.766
1659514663.243727,33.763
1659514663.3483,33.763
1659514663.55437,33.805
1659514663.657917,33.805
1659514663.761465,33.677
1659514663.938828,33.677
1659514664.042376,33.766
1659514664.152074,33.766
1659514664.359169,33.747
1659514664.462717,33.747
1659514664.56729,33.707
1659514664.773359,33.7
1659514664.876907,33.865
1659514664.980454,33.873
1659514665.084002,33.768
1659514665.291097,33.768
1659514665.394644,33.752
1659514665.499217,33.752
1659514665.608916,33.754
1659514665.81191,33.747
1659514665.916482,33.707
1659514666.019005,33.714
1659514666.226099,33.766
1659514666.330672,33.758
1659514666.43422,33.786
1659514666.542893,33.786
1659514666.744862,33.758
1659514666.849435,33.766
1659514666.951957,33.754
1659514667.159052,33.747
1659514667.262599,33.735
1659514667.367172,33.735
1659514667.476871,33.724
1659514667.676789,33.724
1659514667.781362,33.733
1659514667.883884,33.733
1659514668.092005,33.675
1659514668.194527,33.675
1659514668.299099,33.714
1659514668.407773,33.714
1659514668.609742,33.775
1659514668.712264,33.775
1659514668.815812,33.772
1659514669.024957,33.772
1659514669.119277,33.712
1659514669.213598,33.719
1659514669.413516,33.731
1659514669.517064,33.723
1659514669.621636,33.807
1659514669.827706,33.807
1659514669.931254,33.779
1659514670.034801,33.779
1659514670.139374,33.786
1659514670.345443,33.786
1659514670.448991,33.763
1659514670.552538,33.763
1659514670.760659,33.791
1659514670.863181,33.791
1659514670.966728,33.796
1659514671.070276,33.796
1659514671.277371,33.754
1659514671.380918,33.754
1659514671.484466,33.672
1659514671.692586,33.672
1659514671.795108,33.744
1659514671.898656,33.744
1659514672.002203,33.698
1659514672.209298,33.698
1659514672.312845,33.626
1659514672.417418,33.626
1659514672.624513,33.784
1659514672.730111,33.784
1659514672.834684,33.784
1659514672.937206,33.784
1659514673.144301,33.754
1659514673.249899,33.761
1659514673.354471,33.835
1659514673.560541,33.835
1659514673.664089,33.78
1659514673.772762,33.78
1659514673.875284,33.78
1659514674.08238,33.78
1659514674.185927,33.766
1659514674.2905,33.766
1659514674.470939,33.742
1659514674.644202,33.735
1659514674.747749,33.763
1659514674.852322,33.763
1659514674.953819,33.744
1659514675.061467,33.744
1659514675.265486,33.819
1659514675.368008,33.819
1659514675.471556,33.735
1659514675.679676,33.735
1659514675.782198,33.721
1659514675.885746,33.721
1659514675.995445,33.726
1659514676.196388,33.726
1659514676.299936,33.756
1659514676.403483,33.756
1659514676.610578,33.749
1659514676.715151,33.749
1659514676.817673,33.763
1659514676.927372,33.763
1659514677.130366,33.798
1659514677.232888,33.798
1659514677.336436,33.728
1659514677.554808,33.728
1659514677.658355,33.749
1659514677.762928,33.749
1659514677.86545,33.705
1659514678.081772,33.705
1659514678.184295,33.777
1659514678.287842,33.784
1659514678.392415,33.71
1659514678.598485,33.71
1659514678.702032,33.74
1659514678.806605,33.733
1659514679.0137,33.786
1659514679.116222,33.786
1659514679.219769,33.691
1659514679.324342,33.698
1659514679.530412,33.714
1659514679.630371,33.707
1659514679.73033,33.788
1659514679.949728,33.788
1659514680.05225,33.7
1659514680.155797,33.707
1659514680.26037,33.675
1659514680.46644,33.667
1659514680.571013,33.714
1659514680.67456,33.714
1659514680.88063,33.8
1659514680.984177,33.8
1659514681.08875,33.758
1659514681.191272,33.758
1659514681.398367,33.679
1659514681.501915,33.679
1659514681.605462,33.8
1659514681.812557,33.8
1659514681.916105,33.693
1659514682.020677,33.7
1659514682.123199,33.78
1659514682.330294,33.772
1659514682.433842,33.77
1659514682.538414,33.77
1659514682.74551,33.703
1659514682.848032,33.703
1659514682.951579,33.749
1659514683.056152,33.749
1659514683.262222,33.7
1659514683.365769,33.7
1659514683.470342,33.719
1659514683.676412,33.719
1659514683.779959,33.642
1659514683.89991,33.642
1659514684.001407,33.749
1659514684.208502,33.749
1659514684.312049,33.737
1659514684.418673,33.737
1659514684.521195,33.777
1659514684.72829,33.777
1659514684.845678,33.761
1659514684.963066,33.761
1659514685.093269,33.693
1659514685.195791,33.693
1659514685.402886,33.681
1659514685.506434,33.681
1659514685.609981,33.751
1659514685.714554,33.751
1659514685.920624,33.782
1659514686.024171,33.782
1659514686.127718,33.723
1659514686.334813,33.723
1659514686.438361,33.695
1659514686.541909,33.695
1659514686.645456,33.658
1659514686.852551,33.658
1659514686.956098,33.747
1659514687.060671,33.747
1659514687.266741,33.788
1659514687.370288,33.788
1659514687.473836,33.723
1659514687.578408,33.723
1659514687.789604,33.717
1659514687.893152,33.717
1659514687.997724,33.791
1659514688.204819,33.783
