LocalTimestamp,PR
1659513705.45012,170165
1659513705.45012,170224
1659513705.45012,170008
1659513705.45012,169973
1659513705.481645,170034
1659513705.513171,170100
1659513705.544696,170141
1659513705.576222,170140
1659513705.61518,170160
1659513705.654139,170215
1659513705.693097,170275
1659513705.735644,170338
1659513705.778191,170412
1659513705.816808,170492
1659513705.855424,170564
1659513705.894041,170623
1659513705.932316,170672
1659513705.970591,170749
1659513706.008866,170832
1659513706.0509,170932
1659513706.092934,170910
1659513706.134968,170551
1659513706.177002,170240
1659513706.214936,170129
1659513706.252869,170125
1659513706.290802,170108
1659513706.33557,170147
1659513706.380338,170262
1659513706.425106,170328
1659513706.458426,170340
1659513706.491746,170352
1659513706.53583,170396
1659513706.579915,170507
1659513706.623999,170595
1659513706.657832,170678
1659513706.691664,170774
1659513706.736432,170885
1659513706.7812,170951
1659513706.825968,171007
1659513706.863132,171073
1659513706.900297,171150
1659513706.937461,171244
1659513706.974626,171267
1659513707.019052,170968
1659513707.063478,170621
1659513707.107904,170489
1659513707.145838,170480
1659513707.183771,170503
1659513707.221704,170523
1659513707.262713,170611
1659513707.303722,170657
1659513707.343022,170648
1659513707.382322,170656
1659513707.421623,170718
1659513707.459898,170791
1659513707.498173,170857
1659513707.536448,170923
1659513707.578994,170991
1659513707.621541,171074
1659513707.660841,171152
1659513707.700141,171217
1659513707.739441,171282
1659513707.778058,171356
1659513707.816675,171414
1659513707.855292,171152
1659513707.900401,170798
1659513707.945511,170614
1659513707.990621,170593
1659513708.024453,170576
1659513708.058286,170579
1659513708.102028,170658
1659513708.145771,170721
1659513708.189514,170743
1659513708.222321,170747
1659513708.255128,170785
1659513708.299896,170836
1659513708.344665,170928
1659513708.389432,171001
1659513708.427707,171086
1659513708.465982,171168
1659513708.504257,171249
1659513708.546804,171303
1659513708.589351,171387
1659513708.628651,171466
1659513708.667951,171541
1659513708.707252,171583
1659513708.74826,171254
1659513708.789269,170921
1659513708.828228,170766
1659513708.867186,170759
1659513708.906145,170762
1659513708.945445,170768
1659513708.984745,170828
1659513709.024045,170858
1659513709.065567,170856
1659513709.107088,170874
1659513709.145705,170916
1659513709.184322,170979
1659513709.222938,171048
1659513709.26446,171130
1659513709.305981,171192
1659513709.344256,171263
1659513709.382531,171330
1659513709.420806,171400
1659513709.462328,171456
1659513709.503849,171523
1659513709.542124,171471
1659513709.580399,171084
1659513709.618674,170810
1659513709.6631,170712
1659513709.707527,170646
1659513709.751953,170544
1659513709.793475,170502
1659513709.834996,170512
1659513709.874296,170494
1659513709.913597,170436
1659513709.952897,170379
1659513709.994931,170358
1659513710.036965,170365
1659513710.075582,170374
1659513710.114198,170368
1659513710.152815,170370
1659513710.191774,170386
1659513710.230732,170395
1659513710.269691,170400
1659513710.310699,170438
1659513710.351708,170483
1659513710.390325,170454
1659513710.428942,170224
1659513710.467559,169856
1659513710.510105,169616
1659513710.552652,169525
1659513710.59161,169432
1659513710.630569,169369
1659513710.669527,169375
1659513710.707802,169398
1659513710.746077,169385
1659513710.784352,169388
1659513710.825874,169455
1659513710.867395,169551
1659513710.907379,169657
1659513710.947363,169761
1659513710.987346,169902
1659513711.028355,170040
1659513711.069364,170176
1659513711.107981,170275
1659513711.146598,170355
1659513711.185214,170366
1659513711.227761,170125
1659513711.270308,169599
1659513711.31405,169210
1659513711.357793,169086
1659513711.401536,169072
1659513711.434856,169171
1659513711.468176,169293
1659513711.512944,169372
1659513711.557712,169435
1659513711.60248,169559
1659513711.641097,169733
1659513711.679713,169901
1659513711.71833,170006
1659513711.759339,170058
1659513711.800348,170126
1659513711.83999,170274
1659513711.879632,170446
1659513711.919274,170617
1659513711.95789,170650
1659513711.996507,170376
1659513712.035124,170098
1659513712.076133,169997
1659513712.117141,170044
1659513712.156783,170173
1659513712.196425,170318
1659513712.236067,170397
1659513712.277589,170422
1659513712.31911,170459
1659513712.357385,170525
1659513712.39566,170575
1659513712.433935,170661
1659513712.472894,170748
1659513712.511852,170845
1659513712.550811,170961
1659513712.59182,171073
1659513712.632828,171206
1659513712.67435,171259
1659513712.715871,170996
1659513712.75483,170601
1659513712.793788,170395
1659513712.832747,170356
1659513712.876831,170321
1659513712.920916,170312
1659513712.965,170418
1659513712.997295,170545
1659513713.029589,170593
1659513713.074699,170625
1659513713.119809,170716
1659513713.164919,170817
1659513713.203877,170935
1659513713.242836,171035
1659513713.281794,171143
1659513713.323316,171246
1659513713.364837,171373
1659513713.404137,171483
1659513713.443438,171603
1659513713.482738,171551
1659513713.523747,171238
1659513713.564756,170972
1659513713.603031,170887
1659513713.641306,170889
1659513713.679581,170872
1659513713.718539,170944
1659513713.757498,171035
1659513713.796456,171096
1659513713.839003,171124
1659513713.881549,171167
1659513713.919824,171271
1659513713.958099,171421
1659513713.996374,171561
1659513714.037383,171662
1659513714.078392,171736
1659513714.117692,171819
1659513714.156992,171882
1659513714.196293,171965
1659513714.238327,172070
1659513714.280361,172189
1659513714.319319,172291
1659513714.358278,172195
1659513714.397236,171806
1659513714.43927,171543
1659513714.481305,171461
1659513714.520263,171444
1659513714.559222,171409
1659513714.59818,171421
1659513714.642265,171504
1659513714.686349,171538
1659513714.730434,171533
1659513714.764266,171556
1659513714.798098,171603
1659513714.842183,171676
1659513714.886267,171752
1659513714.930352,171825
1659513714.971361,171918
1659513715.01237,172029
1659513715.051328,172124
1659513715.090287,172190
1659513715.129245,172266
1659513715.168204,172365
1659513715.207162,172454
1659513715.24612,172542
1659513715.287129,172378
1659513715.328138,172045
1659513715.366755,171921
1659513715.405372,171931
1659513715.443989,171951
1659513715.48551,171924
1659513715.527031,171954
1659513715.566332,172012
1659513715.605632,172027
1659513715.644932,172020
1659513715.683891,172011
1659513715.722849,172000
1659513715.761807,172000
1659513715.803329,172025
1659513715.844851,172104
1659513715.883126,172186
1659513715.9214,172288
1659513715.959675,172355
1659513716.001197,172413
1659513716.042718,172493
1659513716.082019,172556
1659513716.121319,172644
1659513716.160619,172729
1659513716.201115,172637
1659513716.241611,172315
1659513716.286038,172166
1659513716.330464,172153
1659513716.374891,172146
1659513716.409235,172134
1659513716.44358,172163
1659513716.488007,172217
1659513716.532433,172237
1659513716.576859,172260
1659513716.615476,172291
1659513716.654093,172328
1659513716.692709,172359
1659513716.734744,172413
1659513716.776778,172462
1659513716.815394,172517
1659513716.854011,172566
1659513716.892628,172637
1659513716.930903,172673
1659513716.969178,172749
1659513717.007453,172803
1659513717.050512,172857
1659513717.093571,172735
1659513717.131846,172469
1659513717.170121,172350
1659513717.208396,172356
1659513717.248893,172396
1659513717.289389,172425
1659513717.328689,172478
1659513717.367989,172510
1659513717.40729,172489
1659513717.448811,172490
1659513717.490333,172511
1659513717.531854,172554
1659513717.573376,172610
1659513717.614897,172665
1659513717.656419,172724
1659513717.696402,172768
1659513717.736386,172800
1659513717.77637,172841
1659513717.817379,172901
1659513717.858387,172963
1659513717.897346,172878
1659513717.936304,172614
1659513717.975263,172469
1659513718.01388,172462
1659513718.052496,172490
1659513718.091113,172497
1659513718.132634,172515
1659513718.174156,172562
1659513718.212431,172564
1659513718.250706,172564
1659513718.288981,172573
1659513718.330503,172610
1659513718.372024,172665
1659513718.410299,172701
1659513718.448574,172742
1659513718.486849,172771
1659513718.528883,172790
1659513718.570917,172828
1659513718.609875,172874
1659513718.648834,172913
1659513718.687793,172929
1659513718.728801,172736
1659513718.76981,172541
1659513718.808427,172502
1659513718.847044,172511
1659513718.88566,172518
1659513718.930429,172514
1659513718.975196,172561
1659513719.019964,172577
1659513719.053284,172567
1659513719.086604,172584
1659513719.130689,172613
1659513719.174773,172674
1659513719.218858,172716
1659513719.260379,172764
1659513719.301901,172786
1659513719.340518,172817
1659513719.379134,172839
1659513719.417751,172873
1659513719.456026,172910
1659513719.494301,172952
1659513719.532576,172844
1659513719.575123,172595
1659513719.617669,172473
1659513719.656628,172477
1659513719.695586,172472
1659513719.734545,172469
1659513719.773503,172498
1659513719.812462,172526
1659513719.85142,172501
1659513719.892941,172519
1659513719.934463,172542
1659513719.974105,172591
1659513720.013747,172630
1659513720.053389,172667
1659513720.09491,172694
1659513720.136432,172720
1659513720.175049,172768
1659513720.213665,172809
1659513720.252282,172855
1659513720.293803,172884
1659513720.335325,172794
1659513720.373942,172533
1659513720.412558,172402
1659513720.451175,172367
1659513720.493209,172359
1659513720.535243,172332
1659513720.57967,172370
1659513720.624096,172406
1659513720.668522,172401
1659513720.706797,172397
1659513720.745072,172423
1659513720.783347,172454
1659513720.824869,172494
1659513720.86639,172543
1659513720.905349,172592
1659513720.944307,172640
1659513720.983266,172684
1659513721.0253,172726
1659513721.067334,172771
1659513721.105951,172817
1659513721.144567,172876
1659513721.183184,172872
1659513721.222142,172646
1659513721.261101,172398
1659513721.300059,172319
1659513721.341068,172298
1659513721.382077,172275
1659513721.420694,172286
1659513721.459311,172329
1659513721.497927,172381
1659513721.538936,172361
1659513721.579945,172373
1659513721.618904,172403
1659513721.657862,172458
1659513721.69682,172503
1659513721.734754,172564
1659513721.772687,172617
1659513721.81062,172662
1659513721.853167,172713
1659513721.895714,172763
1659513721.934672,172807
1659513721.97363,172875
1659513722.012589,172840
1659513722.053598,172613
1659513722.094607,172392
1659513722.139375,172315
1659513722.184143,172312
1659513722.228911,172326
1659513722.268211,172333
1659513722.307511,172400
1659513722.346812,172416
1659513722.388333,172420
1659513722.429855,172434
1659513722.468813,172477
1659513722.507771,172536
1659513722.54673,172585
1659513722.585347,172647
1659513722.623963,172711
1659513722.66258,172762
1659513722.701197,172818
1659513722.739814,172855
1659513722.77843,172913
1659513722.819439,172984
1659513722.860448,173042
1659513722.899406,173018
1659513722.938365,172764
1659513722.977323,172495
1659513723.018845,172401
1659513723.060366,172384
1659513723.099667,172367
1659513723.138967,172392
1659513723.178267,172445
1659513723.220301,172492
1659513723.262335,172498
1659513723.300952,172513
1659513723.339569,172540
1659513723.378185,172604
1659513723.422953,172658
1659513723.467721,172717
1659513723.51249,172793
1659513723.555036,172842
1659513723.597583,172891
1659513723.635516,172947
1659513723.67345,173024
1659513723.711383,173087
1659513723.752904,173108
1659513723.794426,172860
1659513723.833384,172604
1659513723.872343,172525
1659513723.911301,172535
1659513723.950259,172558
1659513723.989218,172605
1659513724.028176,172684
1659513724.068673,172698
1659513724.109169,172680
1659513724.148469,172689
1659513724.187769,172734
1659513724.22707,172784
1659513724.265686,172834
1659513724.304303,172907
1659513724.34292,172941
1659513724.384954,172971
1659513724.426988,173015
1659513724.465605,173092
1659513724.504221,173152
1659513724.542838,173203
1659513724.58436,173042
1659513724.625881,172699
1659513724.664156,172475
1659513724.702431,172393
1659513724.740706,172365
1659513724.78274,172327
1659513724.824774,172349
1659513724.863733,172379
1659513724.902691,172376
1659513724.94165,172364
1659513724.982146,172382
1659513725.022642,172427
1659513725.067069,172469
1659513725.111495,172521
1659513725.155921,172564
1659513725.19488,172598
1659513725.233838,172669
1659513725.272796,172718
1659513725.314318,172784
1659513725.355839,172851
1659513725.39514,172951
1659513725.43444,173013
1659513725.47374,172849
1659513725.515262,172499
1659513725.556783,172245
1659513725.595742,172188
1659513725.6347,172167
1659513725.673659,172146
1659513725.712275,172190
1659513725.750892,172289
1659513725.789509,172321
1659513725.832568,172322
1659513725.875627,172327
1659513725.913902,172362
1659513725.952177,172445
1659513725.990452,172527
1659513726.031461,172624
1659513726.07247,172707
1659513726.11177,172784
1659513726.15107,172847
1659513726.190371,172922
1659513726.228646,172989
1659513726.266921,173062
1659513726.305196,173143
1659513726.34723,173234
1659513726.389264,173282
1659513726.431811,173056
1659513726.474357,172704
1659513726.513316,172525
1659513726.552274,172519
1659513726.591233,172511
1659513726.635659,172505
1659513726.680085,172588
1659513726.724512,172673
1659513726.758857,172703
1659513726.793201,172727
1659513726.837286,172765
1659513726.881371,172852
1659513726.925455,172941
1659513726.957237,173033
1659513726.989019,173135
1659513727.033787,173219
1659513727.078555,173287
1659513727.123323,173377
1659513727.161598,173432
1659513727.199873,173503
1659513727.238148,173604
1659513727.27967,173690
1659513727.321191,173650
1659513727.360149,173349
1659513727.399108,173058
1659513727.438066,172971
1659513727.476683,173011
1659513727.5153,173048
1659513727.553916,173127
1659513727.594925,173212
1659513727.635934,173260
1659513727.675576,173269
1659513727.715218,173304
1659513727.75486,173371
1659513727.796382,173461
1659513727.837903,173534
1659513727.879425,173606
1659513727.920946,173694
1659513727.962468,173765
1659513728.003989,173809
1659513728.046023,173859
1659513728.088058,173931
1659513728.126333,173992
1659513728.164607,174094
1659513728.202882,174119
1659513728.244404,173790
1659513728.285925,173467
1659513728.325226,173326
1659513728.364526,173350
1659513728.403826,173417
1659513728.442101,173468
1659513728.480376,173553
1659513728.518651,173580
1659513728.560685,173574
1659513728.602719,173571
1659513728.641678,173620
1659513728.680636,173697
1659513728.719594,173781
1659513728.761629,173832
1659513728.803663,173875
1659513728.842279,173924
1659513728.880896,173978
1659513728.919513,174043
1659513728.958813,174141
1659513728.998113,174215
1659513729.037414,174070
1659513729.078422,173693
1659513729.119431,173418
1659513729.15839,173342
1659513729.197348,173365
1659513729.236307,173353
1659513729.278341,173404
1659513729.320375,173481
1659513729.365143,173532
1659513729.409911,173540
1659513729.454679,173568
1659513729.486974,173625
1659513729.519268,173697
1659513729.564036,173736
1659513729.608804,173800
1659513729.653572,173870
1659513729.687405,173930
1659513729.721237,173973
1659513729.765663,174023
1659513729.81009,174069
1659513729.854516,174089
1659513729.893132,174002
1659513729.931749,173669
1659513729.970366,173358
1659513730.0124,173268
1659513730.054434,173265
1659513730.093051,173245
1659513730.131668,173233
1659513730.170284,173282
1659513730.212318,173249
1659513730.254353,173193
1659513730.292628,173189
1659513730.330903,173235
1659513730.369178,173304
1659513730.407794,173366
1659513730.446411,173430
1659513730.485028,173493
1659513730.525524,173553
1659513730.56602,173608
1659513730.605662,173668
1659513730.645304,173736
1659513730.684946,173826
1659513730.725955,173768
1659513730.766964,173400
1659513730.805239,173119
1659513730.843514,173025
1659513730.881789,173046
1659513730.923823,173057
1659513730.965857,173122
1659513731.005499,173220
1659513731.045141,173250
1659513731.084783,173277
1659513731.125792,173288
1659513731.1668,173334
1659513731.206101,173393
1659513731.245401,173463
1659513731.284701,173528
1659513731.329128,173600
1659513731.373554,173657
1659513731.41798,173725
1659513731.455913,173793
1659513731.493847,173865
1659513731.53178,173902
1659513731.573814,173681
1659513731.615848,173352
1659513731.655148,173199
1659513731.694448,173183
1659513731.733749,173215
1659513731.774245,173261
1659513731.814741,173339
1659513731.854041,173357
1659513731.893342,173359
1659513731.932642,173382
1659513731.9716,173422
1659513732.010559,173490
1659513732.049517,173546
1659513732.091039,173596
1659513732.13256,173657
1659513732.17186,173719
1659513732.211161,173796
1659513732.250461,173868
1659513732.292495,173821
1659513732.334529,173499
1659513732.372804,173229
1659513732.411079,173148
1659513732.449354,173155
1659513732.491901,173161
1659513732.534447,173223
1659513732.573406,173284
1659513732.612364,173294
1659513732.651323,173287
1659513732.691819,173319
1659513732.732315,173376
1659513732.77059,173426
1659513732.808865,173493
1659513732.84714,173549
1659513732.89225,173605
1659513732.93736,173680
1659513732.98247,173745
1659513733.023991,173809
1659513733.065513,173726
1659513733.104471,173394
1659513733.14343,173131
1659513733.182388,173038
1659513733.219809,173016
1659513733.257229,173002
1659513733.29465,173043
1659513733.332071,173119
1659513733.373079,173137
1659513733.414088,173130
1659513733.452705,173139
1659513733.491322,173197
1659513733.529938,173264
1659513733.572485,173314
1659513733.615032,173373
1659513733.658775,173457
1659513733.702518,173493
1659513733.74626,173564
1659513733.779068,173632
1659513733.811875,173648
1659513733.856301,173419
1659513733.900727,173089
1659513733.945153,172888
1659513733.983428,172819
1659513734.021703,172786
1659513734.059978,172780
1659513734.102013,172848
1659513734.144047,172897
1659513734.183347,172892
1659513734.222647,172882
1659513734.261947,172921
1659513734.302956,172974
1659513734.343965,173022
1659513734.382582,173085
1659513734.421199,173148
1659513734.459815,173209
1659513734.498774,173254
1659513734.537732,173316
1659513734.576691,173389
1659513734.618725,173431
1659513734.660759,173236
1659513734.699376,172915
1659513734.737992,172716
1659513734.776609,172658
1659513734.81813,172630
1659513734.859652,172623
1659513734.89861,172691
1659513734.937569,172730
1659513734.976527,172710
1659513735.015144,172717
1659513735.053761,172746
1659513735.092377,172818
1659513735.134412,172879
1659513735.176446,172940
1659513735.218992,173009
1659513735.261539,173046
1659513735.300156,173102
1659513735.338773,173162
1659513735.377389,173221
1659513735.422158,173239
1659513735.466925,173008
1659513735.511693,172670
1659513735.546038,172481
1659513735.580384,172422
1659513735.624126,172381
1659513735.667869,172379
1659513735.711612,172468
1659513735.743906,172593
1659513735.776201,172650
1659513735.820627,172708
1659513735.865053,172786
1659513735.90948,172873
1659513735.948097,172929
1659513735.986713,173001
1659513736.02533,173051
1659513736.067364,173095
1659513736.109398,173132
1659513736.148015,173174
1659513736.186632,173221
1659513736.225248,173270
1659513736.263523,173349
1659513736.301798,173349
1659513736.340073,173076
1659513736.381082,172718
1659513736.422091,172522
1659513736.462075,172471
1659513736.502059,172398
1659513736.542042,172388
1659513736.583051,172452
1659513736.62406,172498
1659513736.662677,172495
1659513736.701293,172504
1659513736.73991,172530
1659513736.781432,172590
1659513736.822953,172660
1659513736.861912,172722
1659513736.90087,172810
1659513736.939828,172876
1659513736.980325,172927
1659513737.020821,172997
1659513737.059779,173071
1659513737.098738,173152
1659513737.137697,173208
1659513737.181781,173028
1659513737.225866,172699
1659513737.26995,172482
1659513737.310446,172433
1659513737.350943,172420
1659513737.390585,172435
1659513737.430227,172530
1659513737.469868,172601
1659513737.511903,172594
1659513737.553937,172618
1659513737.592212,172660
1659513737.630487,172748
1659513737.668762,172815
1659513737.708404,172879
1659513737.748045,172967
1659513737.787688,173053
1659513737.829721,173098
1659513737.871756,173145
1659513737.910372,173232
1659513737.948989,173320
1659513737.987606,173349
1659513738.029127,173092
1659513738.070649,172701
1659513738.109607,172481
1659513738.148566,172438
1659513738.187524,172448
1659513738.225799,172468
1659513738.264074,172580
1659513738.302349,172653
1659513738.344896,172667
1659513738.387443,172664
1659513738.428708,172708
1659513738.469973,172767
1659513738.511238,172839
1659513738.552503,172925
1659513738.594025,173001
1659513738.635546,173082
1659513738.674847,173165
1659513738.714147,173234
1659513738.753447,173317
1659513738.792064,173427
1659513738.83068,173503
1659513738.869297,173408
1659513738.910819,173048
1659513738.95234,172736
1659513738.99164,172639
1659513739.030941,172629
1659513739.070241,172616
1659513739.11125,172659
1659513739.152259,172774
1659513739.190534,172837
1659513739.228809,172864
1659513739.267083,172912
1659513739.3057,172998
1659513739.344317,173099
1659513739.382934,173155
1659513739.424968,173217
1659513739.467002,173311
1659513739.508011,173404
1659513739.54902,173461
1659513739.587978,173536
1659513739.626937,173639
1659513739.665895,173720
1659513739.710321,173726
1659513739.754748,173392
1659513739.799174,173070
1659513739.833006,172919
1659513739.866839,172934
1659513739.910923,172938
1659513739.955008,172979
1659513739.999092,173061
1659513740.032412,173092
1659513740.065732,173086
1659513740.109816,173103
1659513740.153901,173170
1659513740.197985,173242
1659513740.23626,173294
1659513740.274535,173370
1659513740.31281,173442
1659513740.354845,173505
1659513740.396879,173563
1659513740.435837,173641
1659513740.474796,173736
1659513740.513754,173769
1659513740.552029,173509
1659513740.590304,173111
1659513740.628579,172891
1659513740.6701,172846
1659513740.711622,172837
1659513740.750922,172821
1659513740.790222,172890
1659513740.829523,172966
1659513740.871557,172979
1659513740.913591,172997
1659513740.952891,173036
1659513740.992191,173105
1659513741.031492,173183
1659513741.073525,173255
1659513741.11556,173319
1659513741.153835,173383
1659513741.19211,173451
1659513741.230385,173502
1659513741.272931,173560
1659513741.315478,173638
1659513741.354436,173648
1659513741.393395,173397
1659513741.432353,172976
1659513741.47285,172751
1659513741.513346,172688
1659513741.551963,172662
1659513741.59058,172657
1659513741.629196,172725
1659513741.673622,172789
1659513741.718049,172790
1659513741.762475,172794
1659513741.803997,172822
1659513741.845518,172894
1659513741.884135,172954
1659513741.922751,173016
1659513741.961368,173093
1659513742.000668,173156
1659513742.039968,173211
1659513742.079269,173248
1659513742.120278,173301
1659513742.161287,173345
1659513742.200245,173335
1659513742.239203,173022
1659513742.278162,172690
1659513742.320709,172555
1659513742.363256,172563
1659513742.401189,172589
1659513742.439122,172641
1659513742.477055,172714
1659513742.515672,172758
1659513742.554289,172750
1659513742.592905,172768
1659513742.633914,172822
1659513742.674923,172895
1659513742.713881,172968
1659513742.75284,173041
1659513742.791798,173123
1659513742.832807,173207
1659513742.873816,173287
1659513742.913116,173390
1659513742.952417,173494
1659513742.991717,173489
1659513743.032726,173138
1659513743.073735,172777
1659513743.117819,172615
1659513743.161904,172587
1659513743.205988,172566
1659513743.240333,172587
1659513743.274678,172680
1659513743.319446,172744
1659513743.364214,172781
1659513743.408982,172822
1659513743.447599,172886
1659513743.486216,172962
1659513743.524832,173026
1659513743.566354,173123
1659513743.607876,173188
1659513743.646663,173266
1659513743.685451,173327
1659513743.724238,173413
1659513743.763026,173510
1659513743.801813,173594
1659513743.840601,173531
1659513743.87956,173148
1659513743.918518,172848
1659513743.957476,172725
1659513744.001561,172709
1659513744.045645,172696
1659513744.08973,172719
1659513744.12903,172811
1659513744.16833,172845
1659513744.207631,172836
1659513744.249665,172846
1659513744.291699,172907
1659513744.330316,172972
1659513744.368932,173043
1659513744.407549,173117
1659513744.449071,173197
1659513744.490592,173265
1659513744.529892,173356
1659513744.569192,173445
1659513744.608493,173522
1659513744.64711,173572
1659513744.685726,173292
1659513744.724343,172935
1659513744.765352,172738
1659513744.806361,172720
1659513744.845661,172714
1659513744.884961,172742
1659513744.924261,172837
1659513744.965783,172874
1659513745.007304,172894
1659513745.045579,172917
1659513745.083854,172978
1659513745.122129,173049
1659513745.161429,173119
1659513745.20073,173194
1659513745.24003,173256
1659513745.282064,173285
1659513745.324098,173360
1659513745.365107,173444
1659513745.406116,173538
1659513745.444732,173566
1659513745.483349,173265
1659513745.521966,172916
1659513745.566734,172787
1659513745.611502,172753
1659513745.65627,172715
1659513745.68959,172714
1659513745.722909,172818
1659513745.766994,172884
1659513745.811079,172897
1659513745.855163,172924
1659513745.888483,172978
1659513745.921803,173075
1659513745.965545,173162
1659513746.009288,173251
1659513746.053031,173333
1659513746.091306,173396
1659513746.129581,173468
1659513746.167856,173562
1659513746.210403,173647
1659513746.252949,173732
1659513746.291566,173651
1659513746.330183,173258
1659513746.3688,172976
1659513746.4081,172866
1659513746.4474,172858
1659513746.4867,172833
1659513746.528734,172882
1659513746.570769,172969
1659513746.609385,173000
1659513746.648002,173016
1659513746.686619,173028
1659513746.728653,173107
1659513746.770687,173167
1659513746.809987,173248
1659513746.849287,173327
1659513746.888587,173379
1659513746.929596,173445
1659513746.970605,173511
1659513747.009222,173597
1659513747.047839,173674
1659513747.086455,173602
1659513747.129002,173239
1659513747.171549,172958
1659513747.210166,172885
1659513747.248782,172865
1659513747.287399,172837
1659513747.331142,172881
1659513747.374885,172939
1659513747.418628,172927
1659513747.461174,172921
1659513747.503721,172937
1659513747.54268,172995
1659513747.581638,173058
1659513747.620596,173127
1659513747.662118,173203
1659513747.703639,173259
1659513747.742939,173321
1659513747.78224,173381
1659513747.82154,173457
1659513747.860157,173533
1659513747.898773,173464
1659513747.93739,173130
1659513747.977886,172854
1659513748.018383,172761
1659513748.057341,172725
1659513748.0963,172705
1659513748.135258,172756
1659513748.177292,172861
1659513748.219326,172886
1659513748.260592,172883
1659513748.301857,172908
1659513748.343122,172956
1659513748.384387,173038
1659513748.417194,173108
1659513748.450001,173197
1659513748.494428,173292
1659513748.538854,173353
1659513748.58328,173430
1659513748.6166,173504
1659513748.64992,173611
1659513748.694688,173619
1659513748.739456,173342
1659513748.784224,172993
1659513748.822841,172844
1659513748.861457,172831
1659513748.900074,172800
1659513748.938691,172833
1659513748.977308,172913
1659513749.015924,172966
1659513749.054883,172963
1659513749.093841,172982
1659513749.1328,173015
1659513749.173808,173070
1659513749.214817,173147
1659513749.253434,173207
1659513749.292051,173275
1659513749.330667,173319
1659513749.373214,173375
1659513749.415761,173457
1659513749.454719,173531
1659513749.493678,173553
1659513749.532636,173266
1659513749.573645,172934
1659513749.614654,172770
1659513749.659081,172763
1659513749.703507,172734
1659513749.747933,172759
1659513749.782278,172857
1659513749.816623,172899
1659513749.860708,172894
1659513749.904792,172904
1659513749.948877,172954
1659513749.988177,173012
1659513750.027477,173108
1659513750.066777,173165
1659513750.107786,173251
1659513750.148795,173318
1659513750.187412,173380
1659513750.226028,173434
1659513750.264645,173505
1659513750.306679,173581
1659513750.348713,173623
1659513750.387672,173434
1659513750.42663,173059
1659513750.465589,172842
1659513750.504205,172787
1659513750.542822,172764
1659513750.581439,172757
1659513750.619714,172823
1659513750.657989,172910
1659513750.696264,172933
1659513750.741374,172938
1659513750.786484,172976
1659513750.831593,173044
1659513750.87021,173112
1659513750.908827,173189
1659513750.947443,173279
1659513750.989477,173340
1659513751.031512,173397
1659513751.070812,173472
1659513751.110112,173555
1659513751.149412,173647
1659513751.187687,173684
1659513751.225962,173410
1659513751.264237,173056
1659513751.305246,172896
1659513751.346255,172866
1659513751.385213,172842
1659513751.424172,172876
1659513751.46313,172958
1659513751.504652,173008
1659513751.546173,172990
1659513751.58479,172997
1659513751.623407,173031
1659513751.662023,173094
1659513751.70064,173159
1659513751.739257,173240
1659513751.777874,173316
1659513751.818882,173369
1659513751.859891,173439
1659513751.901413,173517
1659513751.942934,173598
1659513751.982234,173594
1659513752.021535,173270
1659513752.060835,172927
1659513752.105261,172803
1659513752.149688,172796
1659513752.194114,172770
1659513752.226921,172816
1659513752.259728,172899
1659513752.304496,172942
1659513752.349264,172929
1659513752.394032,172944
1659513752.427352,173003
1659513752.460672,173051
1659513752.504415,173125
1659513752.548157,173190
1659513752.5919,173284
1659513752.6312,173330
1659513752.670501,173402
1659513752.709801,173479
1659513752.75081,173561
1659513752.791819,173640
1659513752.831119,173625
1659513752.870419,173260
1659513752.909719,172917
1659513752.951753,172785
1659513752.993788,172750
1659513753.032746,172736
1659513753.071704,172775
1659513753.110663,172875
1659513753.14928,172924
1659513753.187896,172935
1659513753.226513,172935
1659513753.26906,172977
1659513753.311606,173045
1659513753.350565,173101
1659513753.389523,173197
1659513753.428482,173281
1659513753.469491,173353
1659513753.510499,173431
1659513753.549116,173502
1659513753.587733,173613
1659513753.62635,173699
1659513753.668384,173527
1659513753.710418,173135
1659513753.748693,172912
1659513753.786968,172843
1659513753.825243,172872
1659513753.866252,172896
1659513753.907261,172976
1659513753.945877,173052
1659513753.984494,173062
1659513754.023111,173071
1659513754.067537,173107
1659513754.111964,173186
1659513754.15639,173272
1659513754.195348,173356
1659513754.234307,173435
1659513754.273265,173503
1659513754.315299,173553
1659513754.357333,173620
1659513754.39595,173708
1659513754.434567,173734
1659513754.473183,173504
1659513754.514705,173088
1659513754.556226,172810
1659513754.594843,172716
1659513754.63346,172685
1659513754.672077,172666
1659513754.710693,172717
1659513754.74931,172819
1659513754.787927,172882
1659513754.829448,172878
1659513754.87097,172877
1659513754.909928,172918
1659513754.948887,172997
1659513754.987845,173124
1659513755.028854,173238
1659513755.069863,173409
1659513755.111384,173554
1659513755.152906,173598
1659513755.194427,173625
1659513755.235949,173744
1659513755.275249,173861
1659513755.314549,173587
1659513755.35385,173103
1659513755.395371,172883
1659513755.436893,172866
1659513755.475509,172853
1659513755.514126,172874
1659513755.552743,172958
1659513755.595289,173051
1659513755.637836,173084
1659513755.676111,173085
1659513755.714386,173131
1659513755.752661,173211
1659513755.791278,173276
1659513755.829895,173355
1659513755.868511,173448
1659513755.911571,173506
1659513755.95463,173587
1659513755.992905,173681
1659513756.03118,173788
1659513756.069455,173734
1659513756.109951,173361
1659513756.150447,173042
1659513756.195557,172942
1659513756.240667,172955
1659513756.285777,172967
1659513756.319609,173051
1659513756.353441,173146
1659513756.397868,173166
1659513756.442294,173169
1659513756.486721,173215
1659513756.52004,173269
1659513756.55336,173354
1659513756.598128,173445
1659513756.642896,173523
1659513756.687664,173610
1659513756.725597,173676
1659513756.76353,173753
1659513756.801464,173855
1659513756.844523,173925
1659513756.887583,173777
1659513756.925857,173356
1659513756.964132,173065
1659513757.002407,172976
1659513757.040682,172952
1659513757.078957,172944
1659513757.117232,172994
1659513757.158754,173123
1659513757.200275,173148
1659513757.238892,173149
1659513757.277509,173179
1659513757.316125,173249
1659513757.357647,173326
1659513757.399168,173407
1659513757.439357,173498
1659513757.479546,173568
1659513757.519735,173646
1659513757.559923,173713
1659513757.600112,173788
1659513757.638729,173887
1659513757.677346,173918
1659513757.715962,173616
1659513757.757484,173220
1659513757.799005,173033
1659513757.837964,173001
1659513757.876922,172997
1659513757.915881,173008
1659513757.956377,173108
1659513757.996873,173169
1659513758.03549,173150
1659513758.074107,173167
1659513758.112723,173210
1659513758.15527,173279
1659513758.197817,173361
1659513758.236434,173440
1659513758.27505,173524
1659513758.313667,173580
1659513758.354163,173663
1659513758.39466,173752
1659513758.439769,173841
1659513758.484879,173735
1659513758.529989,173327
1659513758.568606,173044
1659513758.607222,172978
1659513758.645839,172968
1659513758.688386,172966
1659513758.730932,173052
1659513758.770233,173145
1659513758.809533,173177
1659513758.848833,173161
1659513758.890355,173217
1659513758.931876,173279
1659513758.970151,173366
1659513759.008426,173441
1659513759.046701,173532
1659513759.086343,173606
1659513759.125985,173680
1659513759.165627,173754
1659513759.206636,173848
1659513759.247645,173928
1659513759.286261,173828
1659513759.324878,173380
1659513759.363495,173074
1659513759.405016,172964
1659513759.446538,172946
1659513759.488059,172937
1659513759.529581,172990
1659513759.568197,173108
1659513759.606814,173163
1659513759.645431,173155
1659513759.686952,173201
1659513759.728474,173280
1659513759.767774,173358
1659513759.807074,173437
1659513759.846375,173533
1659513759.885675,173609
1659513759.924975,173678
1659513759.964275,173802
1659513760.00554,173915
1659513760.046806,174041
1659513760.088071,174129
1659513760.129336,173829
1659513760.168294,173391
1659513760.207253,173234
1659513760.246211,173242
1659513760.284828,173232
1659513760.323445,173255
1659513760.362062,173391
1659513760.406488,173459
1659513760.450914,173440
1659513760.49534,173460
1659513760.528147,173562
1659513760.560955,173667
1659513760.604697,173725
1659513760.64844,173796
1659513760.692183,173902
1659513760.733705,173996
1659513760.775226,174058
1659513760.814868,174086
1659513760.85451,174115
1659513760.894152,173838
1659513760.932427,173411
1659513760.970702,173196
1659513761.008977,173167
1659513761.051011,173158
1659513761.093045,173142
1659513761.132004,173222
1659513761.170962,173270
1659513761.20992,173252
1659513761.247854,173234
1659513761.285787,173268
1659513761.32372,173328
1659513761.36678,173377
1659513761.409839,173451
1659513761.448456,173547
1659513761.487072,173596
1659513761.525689,173651
1659513761.566185,173713
1659513761.606682,173783
1659513761.645982,173725
1659513761.685282,173365
1659513761.724582,173025
1659513761.766616,172877
1659513761.80865,172837
1659513761.847267,172799
1659513761.885884,172836
1659513761.9245,172932
1659513761.966535,172954
1659513762.008569,172964
1659513762.053679,173014
1659513762.098788,173085
1659513762.143898,173147
1659513762.182173,173217
1659513762.220448,173310
1659513762.258723,173369
1659513762.300757,173431
1659513762.342791,173489
1659513762.382092,173599
1659513762.421392,173741
1659513762.460692,173634
1659513762.498967,173191
1659513762.537242,172908
1659513762.575517,172851
1659513762.617038,172854
1659513762.65856,172879
1659513762.697518,173003
1659513762.736477,173095
1659513762.775435,173123
1659513762.816957,173141
1659513762.858478,173211
1659513762.897437,173282
1659513762.936395,173362
1659513762.975354,173443
1659513763.014654,173510
1659513763.053954,173572
1659513763.093254,173673
1659513763.134263,173781
1659513763.175272,173866
1659513763.214572,173735
1659513763.253872,173351
1659513763.293173,173088
1659513763.335207,173007
1659513763.377241,172986
1659513763.415516,172982
1659513763.453791,173064
1659513763.492066,173149
1659513763.535809,173165
1659513763.579551,173185
1659513763.623294,173221
1659513763.664303,173291
1659513763.705312,173367
1659513763.744271,173435
1659513763.783229,173491
1659513763.822187,173577
1659513763.863196,173643
1659513763.904205,173701
1659513763.943164,173782
1659513763.982122,173853
1659513764.02108,173848
1659513764.060039,173461
1659513764.098997,173089
1659513764.137956,172933
1659513764.179477,172872
1659513764.220999,172823
1659513764.260299,172837
1659513764.299599,172940
1659513764.3389,172991
1659513764.380421,173000
1659513764.421942,172993
1659513764.460901,173052
1659513764.499859,173141
1659513764.538818,173217
1659513764.577776,173285
1659513764.616735,173356
1659513764.655693,173436
1659513764.69824,173493
1659513764.740787,173569
1659513764.779062,173660
1659513764.817337,173758
1659513764.855612,173758
1659513764.896621,173389
1659513764.937629,173018
1659513764.982056,172877
1659513765.026482,172880
1659513765.070908,172877
1659513765.104741,172934
1659513765.138573,173052
1659513765.182999,173104
1659513765.227426,173102
1659513765.271852,173138
1659513765.305684,173227
1659513765.339517,173331
1659513765.383601,173418
1659513765.427686,173515
1659513765.47177,173578
1659513765.510729,173649
1659513765.549687,173724
1659513765.588646,173834
1659513765.631192,173917
1659513765.673739,173810
1659513765.712356,173346
1659513765.750973,173066
1659513765.789589,172968
1659513765.827864,172960
1659513765.866139,172943
1659513765.904414,173026
1659513765.946448,173149
1659513765.988482,173194
1659513766.026757,173207
1659513766.065032,173222
1659513766.103307,173306
1659513766.144829,173401
1659513766.18635,173485
1659513766.225992,173567
1659513766.265634,173677
1659513766.305276,173756
1659513766.346285,173823
1659513766.387294,173929
1659513766.425569,174032
1659513766.463844,174114
1659513766.502119,173883
1659513766.544666,173428
1659513766.587212,173172
1659513766.626171,173119
1659513766.665129,173102
1659513766.704088,173096
1659513766.747831,173174
1659513766.791574,173271
1659513766.835316,173286
1659513766.868636,173284
1659513766.901956,173310
1659513766.94604,173380
1659513766.990125,173433
1659513767.034209,173500
1659513767.067017,173581
1659513767.099824,173630
1659513767.144592,173695
1659513767.18936,173772
1659513767.234128,173859
1659513767.272745,173950
1659513767.311361,173805
1659513767.349978,173374
1659513767.390987,173117
1659513767.431996,173072
1659513767.471638,173084
1659513767.51128,173089
1659513767.550922,173196
1659513767.592443,173285
1659513767.633965,173288
1659513767.672581,173293
1659513767.711198,173361
1659513767.749815,173468
1659513767.789115,173547
1659513767.828415,173649
1659513767.867715,173742
1659513767.910262,173828
1659513767.952809,173914
1659513767.991084,174022
1659513768.029359,174119
1659513768.067634,174185
1659513768.108643,173853
1659513768.149652,173377
1659513768.18861,173178
1659513768.227568,173154
1659513768.266527,173149
1659513768.308561,173140
1659513768.350595,173244
1659513768.389212,173334
1659513768.427829,173349
1659513768.466445,173356
1659513768.508479,173410
1659513768.550514,173517
1659513768.59494,173654
1659513768.639366,173862
1659513768.683792,174072
1659513768.722751,174271
1659513768.761709,174369
1659513768.800668,174402
1659513768.843215,174445
1659513768.885761,174478
1659513768.924378,174310
1659513768.962995,173669
1659513769.001611,173322
1659513769.04262,173238
1659513769.083629,173197
1659513769.122588,173147
1659513769.161546,173161
1659513769.200505,173225
1659513769.23878,173204
1659513769.277055,173176
1659513769.31533,173160
1659513769.356851,173193
1659513769.398372,173258
1659513769.436647,173319
1659513769.474922,173375
1659513769.513197,173436
1659513769.552498,173495
1659513769.591798,173572
1659513769.631098,173672
1659513769.672107,173730
1659513769.713116,173484
1659513769.752074,173093
1659513769.791033,172888
1659513769.829991,172859
1659513769.872538,172854
1659513769.915085,172866
1659513769.954453,172966
1659513769.993822,173033
1659513770.03319,173024
1659513770.072559,173054
1659513770.111927,173110
1659513770.154987,173192
1659513770.198046,173276
1659513770.236321,173356
1659513770.274596,173437
1659513770.312871,173499
1659513770.353367,173586
1659513770.393863,173684
1659513770.433164,173758
1659513770.472464,173846
1659513770.511764,173642
1659513770.553798,173204
1659513770.595832,172939
1659513770.633766,172873
1659513770.671699,172843
1659513770.709632,172820
1659513770.752179,172898
1659513770.794726,173008
1659513770.839494,173023
1659513770.884262,173027
1659513770.92903,173086
1659513770.967646,173155
1659513771.006263,173234
1659513771.04488,173311
1659513771.086914,173405
1659513771.128948,173478
1659513771.168248,173556
1659513771.207548,173613
1659513771.246849,173694
1659513771.287345,173782
1659513771.327841,173803
1659513771.3668,173468
1659513771.405758,173083
1659513771.444717,172928
1659513771.483333,172890
1659513771.52195,172859
1659513771.560567,172889
1659513771.602088,172981
1659513771.64361,173024
1659513771.682568,173007
1659513771.721527,173027
1659513771.760485,173078
1659513771.802519,173143
1659513771.844553,173213
1659513771.882828,173267
1659513771.921103,173327
1659513771.959378,173400
1659513771.99902,173479
1659513772.038662,173551
1659513772.078304,173615
1659513772.119826,173424
1659513772.161347,173047
1659513772.202356,172844
1659513772.243365,172793
1659513772.28164,172768
1659513772.319915,172769
1659513772.35819,172855
1659513772.402958,172931
1659513772.447726,172923
1659513772.492494,172934
1659513772.525301,172973
1659513772.558108,173052
1659513772.602535,173119
1659513772.646961,173192
1659513772.691387,173271
1659513772.723682,173345
1659513772.755976,173398
1659513772.800061,173466
1659513772.844145,173548
1659513772.88823,173646
1659513772.927188,173653
1659513772.966147,173341
1659513773.005105,172953
1659513773.047139,172761
1659513773.089174,172694
1659513773.12779,172641
1659513773.166407,172639
1659513773.205024,172736
1659513773.243982,172799
1659513773.282941,172814
1659513773.321899,172819
1659513773.364446,172854
1659513773.406992,172933
1659513773.445609,172991
1659513773.484226,173068
1659513773.522843,173141
1659513773.563339,173213
1659513773.603835,173280
1659513773.642794,173323
1659513773.681752,173409
1659513773.720711,173498
1659513773.762745,173543
1659513773.804779,173341
1659513773.843395,172965
1659513773.882012,172743
1659513773.920629,172699
1659513773.961638,172683
1659513774.002647,172681
1659513774.042289,172771
1659513774.081931,172815
1659513774.121572,172796
1659513774.165657,172785
1659513774.209742,172848
1659513774.253826,172920
1659513774.287658,172982
1659513774.321491,173067
1659513774.366259,173144
1659513774.411027,173202
1659513774.455795,173288
1659513774.497317,173377
1659513774.538838,173466
1659513774.577455,173509
1659513774.616071,173261
1659513774.654688,172879
1659513774.693647,172676
1659513774.732605,172621
1659513774.771564,172588
1659513774.813085,172584
1659513774.854607,172662
1659513774.893223,172755
1659513774.93184,172763
1659513774.970457,172769
1659513775.009415,172815
1659513775.048374,172900
1659513775.087332,172961
1659513775.128341,173049
1659513775.16935,173134
1659513775.209539,173213
1659513775.249727,173282
1659513775.289916,173366
1659513775.330105,173452
1659513775.370294,173556
1659513775.40891,173510
1659513775.447527,173141
1659513775.486144,172791
1659513775.527153,172682
1659513775.568161,172657
1659513775.60712,172631
1659513775.646078,172673
1659513775.685037,172795
1659513775.729121,172832
1659513775.773206,172809
1659513775.817291,172784
1659513775.850098,172837
1659513775.882905,172905
1659513775.927673,173003
1659513775.972441,173102
1659513776.017209,173188
1659513776.058218,173280
1659513776.099227,173374
1659513776.137502,173391
1659513776.175777,173389
1659513776.214052,173152
1659513776.254035,172770
1659513776.294019,172553
1659513776.334003,172527
1659513776.375524,172490
1659513776.417046,172514
1659513776.455321,172629
1659513776.493596,172689
1659513776.531871,172700
1659513776.574417,172719
1659513776.616964,172777
1659513776.656264,172854
1659513776.695565,172901
1659513776.734865,172973
1659513776.773481,173052
1659513776.812098,173140
1659513776.850715,173237
1659513776.891724,173349
1659513776.932733,173473
1659513776.971349,173411
1659513777.009966,173043
1659513777.048583,172711
1659513777.090104,172608
1659513777.131626,172613
1659513777.170584,172605
1659513777.209543,172672
1659513777.248501,172765
1659513777.290023,172780
1659513777.331544,172763
1659513777.375629,172787
1659513777.419713,172854
1659513777.463798,172940
1659513777.49763,173020
1659513777.531462,173104
1659513777.576572,173180
1659513777.621682,173256
1659513777.666792,173366
1659513777.705409,173427
1659513777.744025,173284
1659513777.782642,172839
1659513777.824676,172560
1659513777.86671,172506
1659513777.905669,172515
1659513777.944627,172540
1659513777.983586,172643
1659513778.021861,172730
1659513778.060136,172750
1659513778.098411,172771
1659513778.139932,172822
1659513778.181454,172906
1659513778.220412,173027
1659513778.259371,173120
1659513778.298329,173224
1659513778.338825,173314
1659513778.379322,173390
1659513778.41828,173482
1659513778.457238,173591
1659513778.496197,173634
1659513778.534814,173267
1659513778.57343,172840
1659513778.612047,172659
1659513778.654081,172638
1659513778.696115,172622
1659513778.734732,172642
1659513778.773349,172765
1659513778.811965,172866
1659513778.853487,172878
1659513778.895008,172917
1659513778.939093,172977
1659513778.983178,173068
1659513779.027262,173193
1659513779.061095,173270
1659513779.094927,173370
1659513779.139353,173438
1659513779.183779,173492
1659513779.228206,173571
1659513779.261013,173661
1659513779.29382,173745
1659513779.337563,173550
1659513779.381306,173093
1659513779.425048,172792
1659513779.464349,172719
1659513779.503649,172708
1659513779.542949,172694
1659513779.584983,172796
1659513779.627017,172879
1659513779.665976,172886
1659513779.704934,172876
1659513779.743893,172935
1659513779.785414,173003
1659513779.826936,173081
1659513779.866578,173163
1659513779.906219,173260
1659513779.945862,173374
1659513779.98482,173459
1659513780.023778,173510
1659513780.062737,173515
1659513780.103746,173300
1659513780.144755,172899
1659513780.186789,172664
1659513780.228823,172635
1659513780.270857,172655
1659513780.312891,172717
1659513780.353387,172830
1659513780.393884,172928
1659513780.434278,172916
1659513780.474671,172923
1659513780.515065,172974
1659513780.555459,173055
1659513780.595853,173167
1659513780.634128,173248
1659513780.672402,173330
1659513780.710677,173394
1659513780.752199,173473
1659513780.79372,173585
1659513780.833362,173689
1659513780.873004,173644
1659513780.912646,173216
1659513780.950921,172856
1659513780.989196,172762
1659513781.027471,172756
1659513781.068993,172745
1659513781.110514,172798
1659513781.150156,172935
1659513781.189798,173002
1659513781.22944,173012
1659513781.267373,173050
1659513781.305306,173134
1659513781.34324,173226
1659513781.384761,173338
1659513781.426283,173442
1659513781.464558,173524
1659513781.502833,173619
1659513781.541108,173723
1659513781.583142,173835
1659513781.625176,173912
1659513781.663451,173677
1659513781.701726,173273
1659513781.740001,173045
1659513781.782035,172986
1659513781.824069,172936
1659513781.868495,172946
1659513781.912922,173032
1659513781.957348,173127
1659513781.995965,173182
1659513782.034581,173235
1659513782.073198,173270
1659513782.116257,173300
1659513782.159317,173346
1659513782.197934,173498
1659513782.23655,173559
1659513782.275167,173599
1659513782.315663,173677
1659513782.35616,173780
1659513782.39546,173855
1659513782.43476,173730
1659513782.47406,173354
1659513782.513019,173078
1659513782.551977,173020
1659513782.590935,173035
1659513782.632457,173063
1659513782.673979,173144
1659513782.712595,173212
1659513782.751212,173226
1659513782.789829,173229
1659513782.83135,173278
1659513782.872872,173342
1659513782.91183,173425
1659513782.950788,173486
1659513782.989747,173584
1659513783.029047,173670
1659513783.068347,173755
1659513783.107648,173868
1659513783.149169,173874
1659513783.190691,173562
1659513783.232725,173199
1659513783.274759,173046
1659513783.314059,173021
1659513783.353359,173006
1659513783.392659,173037
1659513783.434181,173111
1659513783.475703,173156
1659513783.514319,173126
1659513783.552936,173161
1659513783.591553,173213
1659513783.635979,173287
1659513783.680405,173374
1659513783.724832,173461
1659513783.758664,173527
1659513783.792496,173593
1659513783.836581,173686
1659513783.880665,173803
1659513783.92475,173899
1659513783.963025,173751
1659513784.0013,173366
1659513784.039575,173124
1659513784.081609,173068
1659513784.123643,173063
1659513784.16226,173068
1659513784.200876,173171
1659513784.239493,173280
1659513784.281528,173338
1659513784.323561,173365
1659513784.362178,173420
1659513784.400795,173509
1659513784.439412,173611
1659513784.47837,173710
1659513784.517329,173792
1659513784.556287,173846
1659513784.596783,173895
1659513784.63728,173949
1659513784.676238,174006
1659513784.715197,174040
1659513784.754155,173854
1659513784.796189,173508
1659513784.838223,173323
1659513784.876157,173312
1659513784.91409,173336
1659513784.952023,173385
1659513784.993544,173505
1659513785.035066,173562
1659513785.074366,173527
1659513785.113666,173545
1659513785.152966,173592
1659513785.197051,173683
1659513785.241136,173738
1659513785.28522,173804
1659513785.319052,173870
1659513785.352885,173931
1659513785.397653,173985
1659513785.442421,174059
1659513785.487189,174151
1659513785.528198,174086
1659513785.569207,173695
1659513785.607482,173354
1659513785.645757,173232
1659513785.684032,173188
1659513785.724221,173148
1659513785.764409,173187
1659513785.804598,173314
1659513785.844787,173357
1659513785.884975,173348
1659513785.923934,173380
1659513785.962892,173441
1659513786.001851,173517
1659513786.043372,173591
1659513786.084894,173685
1659513786.123169,173766
1659513786.161444,173847
1659513786.199719,173910
1659513786.241753,174001
1659513786.283787,174104
1659513786.323429,174193
1659513786.363071,174153
1659513786.402713,173706
1659513786.441329,173362
1659513786.479946,173239
1659513786.518563,173237
1659513786.560597,173228
1659513786.602631,173319
1659513786.642273,173460
1659513786.681915,173496
1659513786.721557,173503
1659513786.762053,173543
1659513786.80255,173648
1659513786.846292,173726
1659513786.890035,173797
1659513786.933778,173855
1659513786.967098,173905
1659513787.000417,173936
1659513787.044502,173988
1659513787.088587,174034
1659513787.132671,174097
1659513787.165991,174189
1659513787.199311,174159
1659513787.243737,173770
1659513787.288163,173440
1659513787.33259,173339
1659513787.371206,173363
1659513787.409823,173358
1659513787.44844,173420
1659513787.489449,173533
1659513787.530457,173593
1659513787.570099,173578
1659513787.609741,173593
1659513787.649383,173674
1659513787.690905,173751
1659513787.732426,173822
1659513787.771043,173915
1659513787.80966,173983
1659513787.848276,174043
1659513787.886893,174094
1659513787.92551,174152
1659513787.964127,174201
1659513788.006161,174049
1659513788.048195,173634
1659513788.08647,173328
1659513788.124745,173251
1659513788.16302,173202
1659513788.204029,173182
1659513788.245038,173235
1659513788.283654,173307
1659513788.322271,173341
1659513788.360888,173327
1659513788.402922,173341
1659513788.444956,173411
1659513788.483573,173474
1659513788.522189,173526
1659513788.560806,173615
1659513788.605574,173678
1659513788.650342,173744
1659513788.69511,173823
1659513788.72843,173917
1659513788.76175,173999
1659513788.806176,173960
1659513788.850602,173586
1659513788.895029,173231
1659513788.933645,173084
1659513788.972262,173061
1659513789.010879,173038
1659513789.049837,173069
1659513789.088796,173169
1659513789.127754,173235
1659513789.169788,173243
1659513789.211822,173243
1659513789.251122,173285
1659513789.290423,173334
1659513789.329723,173390
1659513789.370219,173465
1659513789.410716,173547
1659513789.449674,173639
1659513789.488632,173711
1659513789.527591,173775
1659513789.567575,173867
1659513789.607558,173941
1659513789.647542,173868
1659513789.688551,173466
1659513789.72956,173130
1659513789.770569,173030
1659513789.811578,173026
1659513789.850878,173038
1659513789.890178,173098
1659513789.929478,173190
1659513789.973221,173200
1659513790.016964,173183
1659513790.060707,173202
1659513790.100007,173279
1659513790.139307,173352
1659513790.178607,173423
1659513790.219104,173507
1659513790.2596,173575
1659513790.298217,173663
1659513790.336833,173769
1659513790.37545,173918
1659513790.413383,173978
1659513790.451316,173685
1659513790.48925,173274
1659513790.532309,173069
1659513790.575368,173039
1659513790.613643,173026
1659513790.651918,173053
1659513790.690193,173159
1659513790.72881,173236
1659513790.767427,173244
1659513790.806043,173251
1659513790.848078,173296
1659513790.890112,173381
1659513790.931462,173466
1659513790.972813,173561
1659513791.014163,173656
1659513791.055514,173728
1659513791.096865,173801
1659513791.138216,173865
1659513791.177516,173954
1659513791.216816,174041
1659513791.256116,173943
1659513791.294733,173489
1659513791.333349,173150
1659513791.371966,173047
1659513791.412462,173037
1659513791.452959,173013
1659513791.492259,173050
1659513791.531559,173153
1659513791.570859,173204
1659513791.609134,173196
1659513791.647409,173214
1659513791.685684,173259
1659513791.728231,173335
1659513791.770778,173394
1659513791.812812,173470
1659513791.854846,173534
1659513791.893463,173609
1659513791.932079,173674
1659513791.970696,173747
1659513792.012218,173829
1659513792.053739,173911
1659513792.093381,173742
1659513792.133023,173307
1659513792.172665,173063
1659513792.217433,172991
1659513792.262201,172974
1659513792.306969,172951
1659513792.339264,173029
1659513792.371558,173108
1659513792.416326,173113
1659513792.461094,173107
1659513792.505862,173147
1659513792.544137,173207
1659513792.582412,173280
1659513792.620687,173357
1659513792.662209,173428
1659513792.70373,173496
1659513792.742689,173557
1659513792.781647,173653
1659513792.820606,173734
1659513792.86264,173730
1659513792.904674,173377
1659513792.94329,173022
1659513792.981907,172894
1659513793.020524,172861
1659513793.059482,172826
1659513793.098441,172861
1659513793.137399,172954
1659513793.179946,172989
1659513793.222493,172980
1659513793.261109,173009
1659513793.299726,173056
1659513793.338343,173128
1659513793.379864,173195
1659513793.421386,173290
1659513793.460003,173371
1659513793.498619,173450
1659513793.537236,173500
1659513793.57927,173551
1659513793.621304,173612
1659513793.659921,173709
1659513793.698538,173709
1659513793.737154,173373
1659513793.777651,173032
1659513793.818147,172885
1659513793.857105,172832
1659513793.896064,172791
1659513793.935022,172825
1659513793.979107,172921
1659513794.023191,173003
1659513794.067276,173009
1659513794.109823,172998
1659513794.152369,173042
1659513794.190986,173104
1659513794.229603,173176
1659513794.26822,173247
1659513794.309229,173320
1659513794.350238,173394
1659513794.389196,173453
1659513794.428154,173510
1659513794.467113,173580
1659513794.506071,173638
1659513794.54503,173706
1659513794.583988,173656
1659513794.62551,173272
1659513794.667031,172973
1659513794.70599,172872
1659513794.744948,172851
1659513794.783907,172829
1659513794.825428,172903
1659513794.86695,172967
1659513794.905566,172986
1659513794.944183,172985
1659513794.9828,173018
1659513795.022442,173082
1659513795.062084,173152
1659513795.101726,173246
1659513795.14376,173315
1659513795.185794,173385
1659513795.224069,173447
1659513795.262344,173515
1659513795.300619,173600
1659513795.342653,173684
1659513795.384687,173778
1659513795.429797,173725
1659513795.474906,173352
1659513795.520016,173012
1659513795.553336,172893
1659513795.586656,172848
1659513795.63074,172803
1659513795.674825,172827
1659513795.71891,172921
1659513795.752229,172978
1659513795.785549,172975
1659513795.829633,172999
1659513795.873718,173054
1659513795.917803,173126
1659513795.956761,173199
1659513795.99572,173278
1659513796.034678,173358
1659513796.076712,173449
1659513796.118746,173527
1659513796.157363,173600
1659513796.19598,173668
1659513796.234596,173742
1659513796.273213,173831
1659513796.31183,173932
1659513796.350446,173919
1659513796.389405,173513
1659513796.428364,173150
1659513796.467322,172995
1659513796.508843,172956
1659513796.550365,172935
1659513796.589324,172948
1659513796.628282,173052
1659513796.66724,173094
1659513796.708249,173110
1659513796.749258,173110
1659513796.793343,173159
1659513796.837427,173235
1659513796.881512,173298
1659513796.920129,173384
1659513796.958745,173470
1659513796.997362,173536
1659513797.039909,173621
1659513797.082455,173686
1659513797.120389,173765
1659513797.158322,173845
1659513797.196255,173869
1659513797.234872,173686
1659513797.273489,173310
1659513797.312105,173077
1659513797.354139,173040
1659513797.396173,173061
1659513797.43479,173119
1659513797.473407,173259
1659513797.512024,173405
1659513797.55457,173420
1659513797.597117,173385
1659513797.636417,173379
1659513797.675718,173380
1659513797.715018,173382
1659513797.753634,173339
1659513797.792251,173331
1659513797.830868,173292
1659513797.871877,173272
1659513797.912886,173250
1659513797.952528,173238
1659513797.99217,173242
1659513798.031811,173275
1659513798.07282,173280
1659513798.113829,173051
1659513798.152446,172645
1659513798.191063,172376
1659513798.229679,172285
1659513798.271201,172221
1659513798.312722,172215
1659513798.357491,172279
1659513798.402259,172375
1659513798.447026,172411
1659513798.480346,172409
1659513798.513666,172401
1659513798.558434,172392
1659513798.603202,172416
1659513798.64797,172510
1659513798.686929,172667
1659513798.725887,172781
1659513798.764846,172838
1659513798.806367,172876
1659513798.847888,172924
1659513798.887189,172971
1659513798.926489,172978
1659513798.965789,172919
1659513799.004748,172565
1659513799.043706,172225
1659513799.082664,172111
1659513799.123161,172176
1659513799.163657,172188
1659513799.202274,172210
1659513799.240891,172224
1659513799.279507,172175
1659513799.321541,172156
1659513799.363575,172195
1659513799.402192,172271
1659513799.440809,172248
1659513799.479426,172294
1659513799.518042,172467
1659513799.556659,172655
1659513799.595276,172759
1659513799.63731,172915
1659513799.679344,173134
1659513799.721378,173255
1659513799.763412,173074
1659513799.801687,172688
1659513799.839962,172484
1659513799.878237,172480
1659513799.923005,172491
1659513799.967773,172534
1659513800.012541,172654
1659513800.045348,172778
1659513800.078156,172801
1659513800.121898,172810
1659513800.165641,172884
1659513800.209384,172979
1659513800.248343,173077
1659513800.287301,173199
1659513800.326259,173318
1659513800.368294,173412
1659513800.410328,173471
1659513800.448261,173520
1659513800.486194,173624
1659513800.524127,173724
1659513800.565649,173530
1659513800.60717,173099
1659513800.646471,172823
1659513800.685771,172775
1659513800.725071,172766
1659513800.763346,172746
1659513800.801621,172793
1659513800.839896,172897
1659513800.882955,172936
1659513800.926015,172930
1659513800.964973,172964
1659513801.003932,173028
1659513801.04289,173093
1659513801.083899,173159
1659513801.124908,173239
1659513801.164208,173322
1659513801.203508,173385
1659513801.242808,173459
1659513801.284842,173531
1659513801.326877,173605
1659513801.365151,173659
1659513801.403426,173410
1659513801.441701,173029
1659513801.483394,172832
1659513801.525086,172795
1659513801.566779,172779
1659513801.608471,172773
1659513801.650163,172869
1659513801.691856,172933
1659513801.730814,172938
1659513801.769773,172958
1659513801.808731,173017
1659513801.84769,173096
1659513801.886648,173184
1659513801.925606,173280
1659513801.967128,173378
1659513802.00865,173463
1659513802.047266,173541
1659513802.085883,173621
1659513802.1245,173708
1659513802.166534,173796
1659513802.208568,173608
1659513802.246843,173207
1659513802.285118,172956
1659513802.323393,172898
1659513802.365427,172884
1659513802.407461,172859
1659513802.446078,172948
1659513802.484694,173052
1659513802.523311,173067
1659513802.567396,173079
1659513802.61148,173136
1659513802.655565,173196
1659513802.696061,173287
1659513802.736557,173363
1659513802.775858,173449
1659513802.815158,173539
1659513802.854458,173625
1659513802.896492,173692
1659513802.938526,173770
1659513802.977143,173880
1659513803.01576,173982
1659513803.054376,173934
1659513803.093335,173537
1659513803.132293,173194
1659513803.171252,173074
1659513803.213286,173046
1659513803.25532,173023
1659513803.293595,173039
1659513803.33187,173133
1659513803.370145,173192
1659513803.412179,173211
1659513803.454213,173227
1659513803.49283,173281
1659513803.531447,173355
1659513803.570063,173438
1659513803.60868,173522
1659513803.647297,173611
1659513803.685914,173702
1659513803.72641,173769
1659513803.766906,173852
1659513803.80689,173928
1659513803.846874,174004
1659513803.886857,174112
1659513803.927866,174078
1659513803.968875,173724
1659513804.013301,173382
1659513804.057728,173271
1659513804.102154,173276
1659513804.135473,173267
1659513804.168793,173306
1659513804.213561,173393
1659513804.258329,173436
1659513804.303097,173441
1659513804.336417,173482
1659513804.369737,173525
1659513804.414505,173600
1659513804.459273,173707
1659513804.504041,173799
1659513804.542658,173872
1659513804.581275,173968
1659513804.619891,174036
1659513804.6609,174093
1659513804.701909,174166
1659513804.741209,174242
1659513804.780509,174242
1659513804.81981,173932
1659513804.861331,173560
1659513804.902853,173386
1659513804.941128,173383
1659513804.979403,173349
1659513805.017678,173365
1659513805.056978,173432
1659513805.096278,173491
1659513805.135578,173503
1659513805.177612,173521
1659513805.219646,173573
1659513805.257921,173632
1659513805.296196,173709
1659513805.334471,173782
1659513805.375993,173879
1659513805.417514,173953
1659513805.456815,174038
1659513805.496115,174118
1659513805.535415,174182
1659513805.576936,174281
1659513805.618458,174379
1659513805.657075,174409
1659513805.695691,174106
1659513805.734308,173744
1659513805.77583,173579
1659513805.817351,173560
1659513805.855284,173550
1659513805.893218,173572
1659513805.931151,173687
1659513805.974894,173761
1659513806.018636,173773
1659513806.062379,173771
1659513806.104926,173829
1659513806.147473,173911
1659513806.18609,173998
1659513806.224706,174075
1659513806.263323,174146
1659513806.302281,174228
1659513806.34124,174304
1659513806.380198,174364
1659513806.422232,174479
1659513806.464267,174564
1659513806.502883,174557
1659513806.5415,174285
1659513806.580117,173916
1659513806.621638,173775
1659513806.66316,173788
1659513806.701947,173795
1659513806.740735,173859
1659513806.779522,173967
1659513806.81831,173993
1659513806.857098,173984
1659513806.895885,173998
1659513806.940311,174062
1659513806.984738,174158
1659513807.029164,174235
1659513807.068122,174321
1659513807.107081,174414
1659513807.146039,174490
1659513807.184314,174538
1659513807.222589,174618
1659513807.260864,174714
1659513807.303411,174792
1659513807.345958,174614
1659513807.385258,174187
1659513807.424558,173908
1659513807.463858,173842
1659513807.504867,173825
1659513807.545876,173796
1659513807.584835,173853
1659513807.623793,173936
1659513807.662751,173966
1659513807.70171,173961
1659513807.740669,173991
1659513807.779627,174052
1659513807.821148,174109
1659513807.86267,174161
1659513807.901287,174209
1659513807.939903,174296
1659513807.97852,174364
1659513808.020041,174462
1659513808.061563,174546
1659513808.10018,174637
1659513808.138797,174723
1659513808.177413,174596
1659513808.221498,174195
1659513808.265582,173897
1659513808.309667,173836
1659513808.352214,173825
1659513808.39476,173833
1659513808.433377,173902
1659513808.471994,173980
1659513808.510611,173997
1659513808.552132,173989
1659513808.593653,174016
1659513808.632954,174072
1659513808.672254,174135
1659513808.711554,174182
1659513808.750171,174250
1659513808.788788,174308
1659513808.827404,174390
1659513808.868926,174446
1659513808.910447,174513
1659513808.949064,174562
1659513808.987681,174393
1659513809.026297,174014
1659513809.067306,173817
1659513809.108315,173765
1659513809.146932,173750
1659513809.185549,173766
1659513809.224165,173860
1659513809.263466,173928
1659513809.302766,173934
1659513809.342066,173956
1659513809.383588,174004
1659513809.425109,174072
1659513809.463384,174143
1659513809.501659,174202
1659513809.539934,174283
1659513809.581455,174351
1659513809.622977,174424
1659513809.667745,174487
1659513809.712513,174572
1659513809.757281,174659
1659513809.791113,174627
1659513809.824946,174287
1659513809.869714,173965
1659513809.914482,173852
1659513809.95925,173832
1659513809.99257,173805
1659513810.025889,173863
1659513810.069632,173983
1659513810.113375,174036
1659513810.157118,174063
1659513810.196418,174091
1659513810.235718,174162
1659513810.275018,174238
1659513810.31654,174332
1659513810.358062,174403
1659513810.396678,174493
1659513810.435295,174575
1659513810.473912,174659
1659513810.512187,174726
1659513810.550462,174819
1659513810.588737,174922
1659513810.631796,174924
1659513810.674855,174656
1659513810.713814,174328
1659513810.752772,174211
1659513810.791731,174245
1659513810.83274,174213
1659513810.873748,174187
1659513810.91339,174282
1659513810.953032,174393
1659513810.992674,174435
1659513811.034708,174470
1659513811.076742,174533
1659513811.115359,174629
1659513811.153976,174700
1659513811.192593,174788
1659513811.234114,174868
1659513811.275635,174941
1659513811.314252,174998
1659513811.352869,175038
1659513811.391486,175067
1659513811.433007,174955
1659513811.474529,174620
1659513811.513487,174329
1659513811.552446,174260
1659513811.591404,174307
1659513811.635489,174395
1659513811.679573,174524
1659513811.723658,174667
1659513811.764667,174743
1659513811.805676,174755
1659513811.844634,174764
1659513811.883593,174767
1659513811.922551,174821
1659513811.96233,174846
1659513812.002108,174907
1659513812.041887,174957
1659513812.081666,175000
1659513812.121444,175024
1659513812.163478,175078
1659513812.205512,175173
1659513812.244129,175134
1659513812.282746,174790
1659513812.321362,174428
1659513812.359637,174247
1659513812.397913,174181
1659513812.436188,174119
1659513812.478734,174098
1659513812.521281,174141
1659513812.560239,174159
1659513812.599198,174139
1659513812.638156,174122
1659513812.678653,174135
1659513812.719149,174178
1659513812.758449,174234
1659513812.797749,174312
1659513812.837049,174368
1659513812.876008,174428
1659513812.914966,174508
1659513812.953925,174587
1659513812.996472,174669
1659513813.039018,174608
1659513813.077635,174295
1659513813.116252,174028
1659513813.154868,173931
1659513813.196903,173906
1659513813.238937,173903
1659513813.280971,173984
1659513813.323005,174050
1659513813.361963,174070
1659513813.400922,174070
1659513813.43988,174109
1659513813.484307,174172
1659513813.528733,174227
1659513813.573159,174267
1659513813.605966,174353
1659513813.638773,174419
1659513813.682516,174501
1659513813.726259,174596
1659513813.770002,174633
1659513813.803834,174477
1659513813.837667,174132
1659513813.882093,173913
1659513813.926519,173847
1659513813.970946,173815
1659513814.009904,173831
1659513814.048862,173940
1659513814.087821,173989
1659513814.129342,173980
1659513814.170864,173988
1659513814.210164,174007
1659513814.249464,174035
1659513814.288764,174090
1659513814.330286,174147
1659513814.371808,174214
1659513814.409484,174285
1659513814.447161,174365
1659513814.484838,174432
1659513814.522515,174515
1659513814.564037,174540
1659513814.605558,174317
1659513814.646055,173996
1659513814.686551,173844
1659513814.725168,173781
1659513814.763784,173754
1659513814.802401,173763
1659513814.846827,173844
1659513814.891253,173890
1659513814.93568,173885
1659513814.968487,173914
1659513815.001294,173930
1659513815.04572,173957
1659513815.090147,173999
1659513815.134573,174038
1659513815.173873,174078
1659513815.213173,174133
1659513815.252474,174176
1659513815.293995,174212
1659513815.335517,174286
1659513815.374133,174340
1659513815.41275,174349
1659513815.451367,174102
1659513815.493914,173815
1659513815.53646,173686
1659513815.574735,173659
1659513815.61301,173636
1659513815.651285,173688
1659513815.68956,173775
1659513815.727835,173800
1659513815.76611,173817
1659513815.80917,173832
1659513815.852229,173887
1659513815.890504,173966
1659513815.928779,174059
1659513815.967054,174139
1659513816.00755,174241
1659513816.048046,174310
1659513816.090593,174379
1659513816.13314,174503
1659513816.175687,174614
1659513816.218233,174693
1659513816.256508,174490
1659513816.294783,174169
1659513816.333058,174011
1659513816.372358,174005
1659513816.411659,173971
1659513816.450959,173989
1659513816.493505,174073
1659513816.536052,174114
1659513816.574669,174081
1659513816.613286,174074
1659513816.651902,174119
1659513816.693936,174183
1659513816.73597,174259
1659513816.774929,174321
1659513816.813888,174399
1659513816.852846,174431
1659513816.894367,174483
1659513816.935889,174553
1659513816.974506,174618
1659513817.013122,174691
1659513817.051739,174792
1659513817.096507,174887
1659513817.141275,174825
1659513817.186043,174469
1659513817.222951,174188
1659513817.259859,174098
1659513817.296767,174049
1659513817.333675,174013
1659513817.372976,174055
1659513817.412276,174151
1659513817.451576,174178
1659513817.492585,174166
1659513817.533594,174193
1659513817.577678,174237
1659513817.621763,174308
1659513817.665847,174365
1659513817.704806,174424
1659513817.743764,174481
1659513817.782723,174566
1659513817.824757,174615
1659513817.866791,174691
1659513817.905066,174773
1659513817.943341,174860
1659513817.981616,174884
1659513818.023137,174596
1659513818.064659,174258
1659513818.103276,174117
1659513818.141892,174106
1659513818.180509,174099
1659513818.218784,174128
1659513818.257059,174235
1659513818.295334,174271
1659513818.337368,174274
1659513818.379402,174284
1659513818.418361,174341
1659513818.457319,174412
1659513818.496278,174486
1659513818.535236,174577
1659513818.574194,174659
1659513818.613153,174747
1659513818.654675,174833
1659513818.696196,174916
1659513818.735496,174987
1659513818.774796,175113
1659513818.814096,175209
1659513818.856131,174986
1659513818.898165,174543
1659513818.942249,174296
1659513818.986334,174217
1659513819.030418,174131
1659513819.069035,174026
1659513819.107652,174050
1659513819.146269,174104
1659513819.187278,174104
1659513819.228287,174103
1659513819.266903,174119
1659513819.30552,174171
1659513819.344137,174243
1659513819.383779,174322
1659513819.42342,174392
1659513819.463062,174492
1659513819.504071,174577
1659513819.54508,174638
1659513819.584039,174718
1659513819.622997,174794
1659513819.661956,174881
1659513819.70399,174944
1659513819.746024,174685
1659513819.785324,174272
1659513819.824624,174070
1659513819.863925,174049
1659513819.902541,174028
1659513819.941158,174040
1659513819.979774,174137
1659513820.021809,174225
1659513820.063843,174235
1659513820.102118,174231
1659513820.140393,174272
1659513820.178668,174349
1659513820.220189,174413
1659513820.261711,174509
1659513820.306137,174597
1659513820.350563,174671
1659513820.39499,174764
1659513820.427797,174849
1659513820.460604,174923
1659513820.504347,175015
1659513820.54809,175022
1659513820.591832,174697
1659513820.625665,174350
1659513820.659497,174223
1659513820.704265,174216
1659513820.749033,174225
1659513820.793801,174278
1659513820.832076,174378
1659513820.870351,174428
1659513820.908626,174432
1659513820.950148,174444
1659513820.991669,174543
1659513821.030627,174607
1659513821.069586,174671
1659513821.108545,174733
1659513821.146478,174802
1659513821.184411,174874
1659513821.222344,174964
1659513821.264891,175055
1659513821.307438,175146
1659513821.346054,175240
1659513821.384671,175202
1659513821.423288,174872
1659513821.463784,174464
1659513821.50428,174284
1659513821.543239,174264
1659513821.582197,174246
1659513821.621156,174248
1659513821.66319,174338
1659513821.705224,174384
1659513821.743841,174335
1659513821.782457,174353
1659513821.821074,174408
1659513821.863108,174527
1659513821.905142,174646
1659513821.944443,174759
1659513821.983743,174869
1659513822.023043,174974
1659513822.067127,175053
1659513822.111212,175136
1659513822.155297,175253
1659513822.189129,175348
1659513822.222961,175364
1659513822.267729,175034
1659513822.312497,174623
1659513822.357265,174437
1659513822.38956,174429
1659513822.421854,174408
1659513822.465529,174420
1659513822.509203,174540
1659513822.552878,174569
1659513822.596552,174550
1659513822.640227,174549
1659513822.678502,174598
1659513822.716777,174655
1659513822.755052,174736
1659513822.79401,174798
1659513822.832969,174868
1659513822.871927,174940
1659513822.913961,175019
1659513822.955995,175108
1659513822.994612,175166
1659513823.033229,175050
1659513823.071846,174660
1659513823.111146,174407
1659513823.150446,174366
1659513823.189746,174370
1659513823.23178,174379
1659513823.273814,174445
1659513823.312431,174541
1659513823.351048,174545
1659513823.389665,174539
1659513823.430161,174588
1659513823.470657,174643
1659513823.509957,174694
1659513823.549258,174770
1659513823.588558,174860
1659513823.629567,174934
1659513823.670576,175012
1659513823.709192,175089
1659513823.747809,175183
1659513823.786426,175208
1659513823.83051,174919
1659513823.874595,174532
1659513823.918679,174368
1659513823.960201,174321
1659513824.001722,174302
1659513824.040681,174315
1659513824.079639,174399
1659513824.118598,174476
1659513824.160119,174478
1659513824.201641,174504
1659513824.240599,174554
1659513824.279558,174603
1659513824.318516,174661
1659513824.357475,174731
1659513824.396433,174800
1659513824.435391,174854
1659513824.477426,174933
1659513824.51946,175005
1659513824.558418,175060
1659513824.597377,175150
1659513824.636335,175142
1659513824.67461,174828
1659513824.712885,174470
1659513824.75116,174326
1659513824.792169,174297
1659513824.833178,174274
1659513824.872478,174286
1659513824.911778,174396
1659513824.951078,174458
1659513824.9926,174435
1659513825.034122,174454
1659513825.072738,174503
1659513825.111355,174573
1659513825.149971,174629
1659513825.192518,174715
1659513825.235065,174795
1659513825.27915,174854
1659513825.323234,174930
1659513825.367319,174984
1659513825.406277,175084
1659513825.445236,175153
1659513825.484194,175046
1659513825.526741,174670
1659513825.569288,174415
1659513825.608246,174352
1659513825.647204,174365
1659513825.686163,174364
1659513825.724438,174439
1659513825.762713,174529
1659513825.800988,174535
1659513825.843022,174538
1659513825.885056,174598
1659513825.923673,174653
1659513825.96229,174723
1659513826.000906,174819
1659513826.040206,174898
1659513826.079507,174962
1659513826.118807,175042
1659513826.160841,175107
1659513826.202875,175188
1659513826.241492,175252
1659513826.280108,175255
1659513826.318725,174944
1659513826.359734,174609
1659513826.400743,174492
1659513826.440385,174468
1659513826.480027,174438
1659513826.519669,174482
1659513826.56119,174590
1659513826.602712,174641
1659513826.640987,174649
1659513826.679262,174674
1659513826.717537,174722
1659513826.758546,174780
1659513826.799555,174865
1659513826.843639,174955
1659513826.887724,175033
1659513826.931808,175112
1659513826.970425,175142
1659513827.009042,175198
1659513827.047658,175279
1659513827.08918,175366
1659513827.130701,175388
1659513827.169318,175200
1659513827.207935,174834
1659513827.246552,174660
1659513827.285168,174622
1659513827.323785,174630
1659513827.362402,174674
1659513827.404948,174760
1659513827.447495,174831
1659513827.486454,174822
1659513827.525412,174824
1659513827.564371,174836
1659513827.605379,174897
1659513827.646388,174950
1659513827.685347,175031
1659513827.724305,175080
1659513827.763264,175144
1659513827.802222,175231
1659513827.841181,175313
1659513827.880139,175353
1659513827.924565,175403
1659513827.968992,175470
1659513828.013418,175486
1659513828.046738,175272
1659513828.080057,174960
1659513828.124825,174801
1659513828.169594,174738
1659513828.214362,174680
1659513828.254858,174657
1659513828.295354,174714
1659513828.334654,174789
1659513828.373955,174802
1659513828.413255,174833
1659513828.452213,174854
1659513828.491172,174866
1659513828.53013,174908
1659513828.572164,174957
1659513828.614198,175028
1659513828.653157,175108
1659513828.692115,175175
1659513828.731074,175236
1659513828.773108,175310
1659513828.815142,175371
1659513828.853759,175448
1659513828.892375,175514
1659513828.930992,175499
1659513828.970292,175232
1659513829.009593,174918
1659513829.048893,174803
1659513829.090414,174795
1659513829.131936,174758
1659513829.170552,174755
1659513829.209169,174847
1659513829.247786,174889
1659513829.288282,174893
1659513829.328779,174934
1659513829.36842,174978
1659513829.408062,175049
1659513829.447704,175108
1659513829.489226,175171
1659513829.530747,175212
1659513829.574832,175287
1659513829.618917,175325
1659513829.663001,175382
1659513829.701618,175475
1659513829.740234,175549
1659513829.778851,175562
1659513829.820885,175352
1659513829.862919,175075
1659513829.901878,174920
1659513829.940836,174879
1659513829.979795,174850
1659513830.020804,174906
1659513830.061812,174988
1659513830.100771,174995
1659513830.139729,174967
1659513830.178688,174990
1659513830.216621,175033
1659513830.254554,175100
1659513830.292488,175132
1659513830.335034,175162
1659513830.377581,175216
1659513830.416539,175254
1659513830.455498,175338
1659513830.494456,175434
1659513830.53239,175494
1659513830.570323,175513
1659513830.608256,175244
1659513830.65029,174902
1659513830.692324,174785
1659513830.731283,174755
1659513830.770241,174728
1659513830.8092,174738
1659513830.850721,174828
1659513830.892243,174868
1659513830.931201,174897
1659513830.97016,174927
1659513831.009118,175002
1659513831.05064,175123
1659513831.092161,175282
1659513831.136246,175380
1659513831.18033,175487
1659513831.224415,175567
1659513831.258247,175612
1659513831.292079,175696
1659513831.336848,175794
1659513831.381616,175873
1659513831.426384,175744
1659513831.464659,175350
1659513831.502934,175080
1659513831.541209,175006
1659513831.582217,174984
1659513831.623226,174926
1659513831.662868,174941
1659513831.70251,175004
1659513831.742152,175003
1659513831.784186,174952
1659513831.826221,174954
1659513831.865179,174980
1659513831.904137,175029
1659513831.943096,175061
1659513831.982396,175112
1659513832.021696,175189
1659513832.060996,175217
1659513832.102005,175279
1659513832.143014,175363
1659513832.181289,175423
1659513832.219564,175211
1659513832.257839,174893
1659513832.300386,174729
1659513832.342932,174703
1659513832.381207,174715
1659513832.419482,174745
1659513832.457757,174831
1659513832.498766,174859
1659513832.539775,174841
1659513832.578392,174839
1659513832.617009,174888
1659513832.655625,174978
1659513832.69971,175058
1659513832.743794,175126
1659513832.787879,175186
1659513832.821199,175267
1659513832.854519,175316
1659513832.896211,175388
1659513832.937903,175442
1659513832.979596,175256
1659513833.021288,174904
1659513833.06298,174734
1659513833.104673,174715
1659513833.143631,174695
1659513833.18259,174705
1659513833.221548,174780
1659513833.259823,174842
1659513833.298098,174880
1659513833.336373,174892
1659513833.380458,174933
1659513833.424542,174979
1659513833.468627,175002
1659513833.502459,175044
1659513833.536292,175125
1659513833.580718,175179
1659513833.625144,175249
1659513833.66957,175316
1659513833.702378,175399
1659513833.735185,175464
1659513833.778586,175317
1659513833.821987,174989
1659513833.865388,174794
1659513833.904688,174756
1659513833.943988,174727
1659513833.983289,174718
1659513834.025323,174788
1659513834.067357,174849
1659513834.106315,174861
1659513834.145274,174836
1659513834.184232,174837
1659513834.226266,174903
1659513834.2683,174985
1659513834.3076,175050
1659513834.346901,175131
1659513834.386201,175214
1659513834.425159,175266
1659513834.464118,175347
1659513834.503076,175429
1659513834.544085,175503
1659513834.585094,175413
1659513834.624394,175101
1659513834.663695,174933
1659513834.702995,174883
1659513834.743491,174894
1659513834.783987,174907
1659513834.823287,175018
1659513834.862588,175064
1659513834.901888,175076
1659513834.943922,175094
1659513834.985956,175128
1659513835.024231,175192
1659513835.062506,175267
1659513835.100781,175317
1659513835.14179,175372
1659513835.182799,175448
1659513835.222783,175506
1659513835.262766,175582
1659513835.30275,175669
1659513835.346834,175720
1659513835.390919,175553
1659513835.435004,175244
1659513835.476525,175089
1659513835.518047,175048
1659513835.556663,175029
1659513835.59528,175018
1659513835.633897,175075
1659513835.672172,175134
1659513835.710447,175146
1659513835.748722,175164
1659513835.790243,175198
1659513835.831765,175257
1659513835.871065,175326
1659513835.910365,175390
1659513835.949665,175455
1659513835.990162,175522
1659513836.030658,175596
1659513836.069275,175633
1659513836.107891,175710
1659513836.146508,175759
1659513836.185467,175835
1659513836.224425,175880
1659513836.263383,175648
1659513836.305418,175351
1659513836.347452,175212
1659513836.386068,175157
1659513836.424685,175106
1659513836.463302,175101
1659513836.505336,175126
1659513836.54737,175168
1659513836.585645,175159
1659513836.62392,175169
1659513836.662195,175224
1659513836.704229,175269
1659513836.746263,175346
1659513836.790689,175399
1659513836.835116,175452
1659513836.879542,175500
1659513836.917817,175561
1659513836.956092,175632
1659513836.994367,175688
1659513837.032984,175787
1659513837.0716,175793
1659513837.110217,175547
1659513837.151739,175253
1659513837.19326,175136
1659513837.232219,175121
1659513837.271177,175140
1659513837.310136,175167
1659513837.35217,175248
1659513837.394204,175273
1659513837.433504,175232
1659513837.472804,175268
1659513837.512104,175351
1659513837.554138,175419
1659513837.596173,175492
1659513837.634789,175592
1659513837.673406,175668
1659513837.712023,175759
1659513837.751665,175832
1659513837.791307,175898
1659513837.830949,175958
1659513837.871958,175983
1659513837.912966,175775
1659513837.951241,175424
1659513837.989516,175226
1659513838.027791,175186
1659513838.0688,175184
1659513838.109809,175188
1659513838.151501,175240
1659513838.193194,175306
1659513838.234886,175303
1659513838.276579,175309
1659513838.318271,175356
1659513838.359963,175435
1659513838.398922,175519
1659513838.43788,175597
1659513838.476839,175657
1659513838.51836,175719
1659513838.559882,175800
1659513838.598498,175839
1659513838.637115,175890
1659513838.675732,175974
1659513838.71469,176035
1659513838.753649,175941
1659513838.792607,175585
1659513838.834641,175311
1659513838.876676,175249
1659513838.915292,175272
1659513838.953909,175281
1659513838.992526,175354
1659513839.033535,175433
1659513839.074543,175438
1659513839.11316,175447
1659513839.151777,175482
1659513839.190394,175536
1659513839.232428,175610
1659513839.274462,175723
1659513839.312395,175807
1659513839.350328,175879
1659513839.388262,175934
1659513839.430296,176026
1659513839.47233,176126
1659513839.511288,176172
1659513839.550247,176165
1659513839.589205,175866
1659513839.63329,175506
1659513839.677374,175356
1659513839.721459,175381
1659513839.764006,175402
1659513839.806552,175481
1659513839.845852,175581
1659513839.885153,175616
1659513839.924453,175598
1659513839.964949,175601
1659513840.005445,175650
1659513840.044404,175677
1659513840.083362,175756
1659513840.122321,175814
1659513840.160938,175871
1659513840.199554,175932
1659513840.238171,175992
1659513840.280205,176066
1659513840.322239,176143
1659513840.361198,176105
1659513840.400156,175791
1659513840.439115,175462
1659513840.477731,175329
1659513840.516348,175299
1659513840.554965,175280
1659513840.595973,175288
1659513840.636982,175359
1659513840.676966,175369
1659513840.71695,175347
1659513840.756933,175360
1659513840.798455,175423
1659513840.839977,175484
1659513840.878593,175541
1659513840.91721,175623
1659513840.955827,175693
1659513840.997861,175769
1659513841.039895,175861
1659513841.079537,175947
1659513841.119179,176076
1659513841.158821,176209
1659513841.199317,176051
1659513841.239813,175667
1659513841.283898,175453
1659513841.327982,175377
1659513841.372067,175329
1659513841.405387,175252
1659513841.438706,175291
1659513841.482791,175362
1659513841.526876,175361
1659513841.57096,175370
1659513841.61026,175394
1659513841.649561,175418
1659513841.688861,175459
1659513841.727819,175530
1659513841.766778,175593
1659513841.805736,175646
1659513841.846745,175700
1659513841.887754,175766
1659513841.926713,175844
1659513841.965671,175865
1659513842.004629,175645
1659513842.046664,175312
1659513842.088698,175186
1659513842.127314,175158
1659513842.165931,175133
1659513842.204548,175144
1659513842.243164,175197
1659513842.281781,175211
1659513842.320398,175179
1659513842.361919,175192
1659513842.403441,175279
1659513842.441716,175374
1659513842.479991,175511
1659513842.518266,175602
1659513842.559787,175734
1659513842.601309,175894
1659513842.645735,176020
1659513842.690161,176109
1659513842.734588,176154
1659513842.767395,175902
1659513842.800202,175507
1659513842.84497,175277
1659513842.889738,175209
1659513842.934506,175199
1659513842.973806,175236
1659513843.013107,175330
1659513843.052407,175430
1659513843.094441,175477
1659513843.136475,175480
1659513843.175092,175475
1659513843.213708,175497
1659513843.252325,175541
1659513843.293847,175599
1659513843.335368,175692
1659513843.373985,175751
1659513843.412601,175841
1659513843.451218,175945
1659513843.492996,176018
1659513843.534774,176084
1659513843.576552,176006
1659513843.61833,175704
1659513843.656946,175462
1659513843.695563,175437
1659513843.73418,175428
1659513843.772796,175432
1659513843.811413,175500
1659513843.85003,175570
1659513843.892064,175603
1659513843.934098,175603
1659513843.973398,175620
1659513844.012698,175661
1659513844.051999,175715
1659513844.09352,175780
1659513844.135042,175843
1659513844.174,175910
1659513844.212959,175985
1659513844.251917,176057
1659513844.291217,176121
1659513844.330517,176181
1659513844.369817,176234
1659513844.411339,176075
1659513844.452861,175774
1659513844.490794,175620
1659513844.528727,175596
1659513844.56666,175573
1659513844.608695,175576
1659513844.650728,175617
1659513844.689003,175646
1659513844.727278,175626
1659513844.765553,175597
1659513844.807075,175577
1659513844.848597,175599
1659513844.892681,175680
1659513844.936766,175744
1659513844.98085,175838
1659513845.014683,175899
1659513845.048515,175976
1659513845.092599,176053
1659513845.136684,176145
1659513845.180768,176215
1659513845.219727,176101
1659513845.258686,175805
1659513845.297644,175603
1659513845.340191,175570
1659513845.382737,175558
1659513845.421012,175549
1659513845.459287,175583
1659513845.497562,175575
1659513845.538571,175539
1659513845.57958,175528
1659513845.61888,175565
1659513845.65818,175625
1659513845.697481,175713
1659513845.736097,175797
1659513845.774714,175879
1659513845.813331,175977
1659513845.854852,176041
1659513845.896374,176125
1659513845.934991,176205
1659513845.973607,176267
1659513846.012224,176313
1659513846.050499,176078
1659513846.088774,175758
1659513846.127049,175635
1659513846.169596,175643
1659513846.212142,175643
1659513846.254177,175675
1659513846.296211,175708
1659513846.334827,175745
1659513846.373444,175724
1659513846.412061,175725
1659513846.454095,175780
1659513846.496129,175875
1659513846.535771,175972
1659513846.575413,176040
1659513846.615055,176141
1659513846.659139,176204
1659513846.703224,176262
1659513846.747308,176326
1659513846.779603,176389
1659513846.811898,176457
1659513846.856666,176480
1659513846.901434,176257
1659513846.946202,175986
1659513846.984477,175905
1659513847.022752,175930
1659513847.061027,175979
1659513847.103573,176037
1659513847.14612,176127
1659513847.184737,176224
1659513847.223354,176292
1659513847.26197,176416
1659513847.303492,176592
1659513847.345013,176752
1659513847.38363,176897
1659513847.422247,177026
1659513847.460863,177103
1659513847.500164,177161
1659513847.539464,177231
1659513847.578764,177338
1659513847.617381,177455
1659513847.655998,177493
1659513847.694614,177193
1659513847.736648,176736
1659513847.778682,176533
1659513847.819691,176519
1659513847.8607,176533
1659513847.899317,176590
1659513847.937934,176746
1659513847.97655,176857
1659513848.020293,176919
1659513848.064036,176953
1659513848.107779,177013
1659513848.141611,177101
1659513848.175443,177183
1659513848.219528,177296
1659513848.263613,177383
1659513848.307697,177470
1659513848.346314,177565
1659513848.384931,177650
1659513848.423547,177724
1659513848.465069,177812
1659513848.50659,177861
1659513848.545207,177627
1659513848.583824,177302
1659513848.622441,177167
1659513848.664475,177160
1659513848.706509,177176
1659513848.744186,177222
1659513848.781862,177310
1659513848.81954,177365
1659513848.857216,177376
1659513848.901643,177377
1659513848.946069,177434
1659513848.990495,177480
1659513849.02877,177550
1659513849.067045,177632
1659513849.10532,177685
1659513849.146842,177738
1659513849.188363,177786
1659513849.227322,177837
1659513849.26628,177900
1659513849.305239,177941
1659513849.34676,177737
1659513849.388282,177414
1659513849.427582,177247
1659513849.466882,177229
1659513849.506182,177233
1659513849.545482,177287
1659513849.584783,177356
1659513849.624083,177389
1659513849.662358,177392
1659513849.700633,177414
1659513849.738908,177461
1659513849.781455,177516
1659513849.824001,177595
1659513849.866548,177645
1659513849.909095,177717
1659513849.947028,177786
1659513849.984961,177863
1659513850.022894,177911
1659513850.067321,177956
1659513850.111747,177878
1659513850.156173,177525
1659513850.18898,177259
1659513850.221788,177205
1659513850.26553,177202
1659513850.309273,177200
1659513850.353016,177266
1659513850.392658,177344
1659513850.4323,177344
1659513850.471942,177363
1659513850.512951,177383
1659513850.55396,177445
1659513850.592235,177515
1659513850.63051,177587
1659513850.668785,177658
1659513850.710306,177709
1659513850.751828,177755
1659513850.791811,177815
1659513850.831795,177864
1659513850.871779,177927
1659513850.910053,177890
1659513850.948328,177559
1659513850.986603,177237
1659513851.028638,177110
1659513851.070672,177104
1659513851.109288,177100
1659513851.147905,177149
1659513851.186522,177245
1659513851.228044,177278
1659513851.269565,177285
1659513851.30784,177309
1659513851.346115,177361
1659513851.38439,177418
1659513851.425911,177502
1659513851.467433,177554
1659513851.505708,177621
1659513851.543983,177687
1659513851.582258,177751
1659513851.627026,177811
1659513851.671794,177882
1659513851.716562,177913
1659513851.750394,177667
1659513851.784227,177311
1659513851.828311,177150
1659513851.872396,177132
1659513851.91648,177137
1659513851.949287,177195
1659513851.982095,177273
1659513852.027204,177285
1659513852.072314,177282
1659513852.117424,177284
1659513852.155699,177331
1659513852.193974,177374
1659513852.232249,177431
1659513852.274283,177479
1659513852.316317,177512
1659513852.358351,177566
1659513852.400385,177615
1659513852.439002,177677
1659513852.477619,177654
1659513852.516236,177402
1659513852.557757,177021
1659513852.599278,176876
1659513852.638237,176853
1659513852.677196,176819
1659513852.716154,176862
1659513852.758188,176899
1659513852.800222,176899
1659513852.838839,176868
1659513852.877455,176887
1659513852.916072,176911
1659513852.955031,176938
1659513852.993989,177000
1659513853.032948,177053
1659513853.075494,177109
1659513853.118041,177171
1659513853.157,177255
1659513853.195958,177366
1659513853.234916,177368
1659513853.275925,177326
1659513853.316934,176989
1659513853.355893,176762
1659513853.394851,176731
1659513853.43381,176733
1659513853.475844,176709
1659513853.517878,176788
1659513853.556495,176866
1659513853.595111,176892
1659513853.633728,176883
1659513853.674737,176908
1659513853.715746,176974
1659513853.754704,177011
1659513853.793663,177059
1659513853.832621,177103
1659513853.876706,177130
1659513853.92079,177167
1659513853.964875,177207
1659513854.002808,177288
1659513854.040741,177346
1659513854.078675,177240
1659513854.116608,176949
1659513854.160351,176775
1659513854.204093,176718
1659513854.247836,176679
1659513854.281156,176668
1659513854.314476,176707
1659513854.358902,176734
1659513854.403328,176698
1659513854.447755,176658
1659513854.486372,176679
1659513854.524988,176714
1659513854.563605,176732
1659513854.604614,176785
1659513854.645623,176812
1659513854.684581,176832
1659513854.72354,176864
1659513854.762498,176908
1659513854.804532,176939
1659513854.846566,176781
1659513854.884841,176511
1659513854.923116,176371
1659513854.961391,176353
1659513855.001033,176348
1659513855.040675,176367
1659513855.080317,176436
1659513855.121326,176476
1659513855.162335,176456
1659513855.201293,176465
1659513855.240252,176503
1659513855.27921,176546
1659513855.318852,176612
1659513855.358494,176661
1659513855.398136,176713
1659513855.439657,176765
1659513855.481179,176823
1659513855.519796,176892
1659513855.558412,176960
1659513855.597029,176958
1659513855.638551,176678
1659513855.680072,176418
1659513855.724157,176175
