LocalTimestamp,PG
1659440848.388979,12608
1659440848.427943,12767
1659440848.466908,12915
1659440848.505872,13066
1659440848.547912,13194
1659440848.589952,13214
1659440848.629258,13345
1659440848.668564,13563
1659440848.70787,13647
1659440848.748885,13597
1659440848.7899,13532
1659440848.828864,13489
1659440848.867829,13495
1659440848.906793,13504
1659440848.948833,13531
1659440848.990874,13553
1659440849.029838,13583
1659440849.068802,13601
1659440849.107766,13617
1659440849.151515,13618
1659440849.195265,13624
1659440849.239014,13623
1659440849.280542,13617
1659440849.322069,13511
1659440849.36035,13337
1659440849.398631,13248
1659440849.436911,13198
1659440849.478951,13184
1659440849.520992,13188
1659440849.559614,13209
1659440849.598237,13241
1659440849.636859,13297
1659440849.676165,13407
1659440849.715471,13569
1659440849.754777,13707
1659440849.795792,13783
1659440849.836807,13851
1659440849.875771,13871
1659440849.914735,13751
1659440849.9537,13600
1659440849.993006,13438
1659440850.032312,13333
1659440850.071618,13332
1659440850.112633,13361
1659440850.153647,13420
1659440850.19227,13459
1659440850.230892,13482
1659440850.269515,13588
1659440850.311042,13840
1659440850.35257,14097
1659440850.391192,14321
1659440850.429815,14510
1659440850.468437,14655
1659440850.509965,14645
1659440850.551492,14529
1659440850.589773,14461
1659440850.628054,14486
1659440850.666334,14515
1659440850.710767,14590
1659440850.7552,14672
1659440850.799633,14737
1659440850.841161,14770
1659440850.882688,14769
1659440850.922678,14780
1659440850.962667,14810
1659440851.002657,14853
1659440851.043672,14867
1659440851.084687,14872
1659440851.123651,14896
1659440851.162615,14849
1659440851.20158,14681
1659440851.24362,14506
1659440851.28566,14392
1659440851.324624,14318
1659440851.363589,14295
1659440851.402553,14295
1659440851.441175,14336
1659440851.479798,14366
1659440851.51842,14364
1659440851.559948,14373
1659440851.601475,14385
1659440851.639756,14392
1659440851.678037,14389
1659440851.716317,14380
1659440851.755281,14358
1659440851.794246,14230
1659440851.83321,14017
1659440851.875763,13790
1659440851.918316,13574
1659440851.956938,13413
1659440851.995561,13295
1659440852.034183,13251
1659440852.075198,13214
1659440852.116213,13175
1659440852.156408,13140
1659440852.196602,13126
1659440852.236797,13111
1659440852.276992,13105
1659440852.317186,13123
1659440852.358714,13132
1659440852.400242,13140
1659440852.438864,13039
1659440852.477486,12878
1659440852.516109,12727
1659440852.560542,12622
1659440852.604975,12553
1659440852.649407,12511
1659440852.682732,12531
1659440852.716057,12554
1659440852.76049,12549
1659440852.804923,12536
1659440852.849355,12524
1659440852.887636,12543
1659440852.925917,12551
1659440852.964197,12578
1659440853.005725,12626
1659440853.047252,12663
1659440853.085875,12706
1659440853.124497,12720
1659440853.16312,12628
1659440853.205673,12454
1659440853.248226,12303
1659440853.286848,12211
1659440853.325471,12145
1659440853.364093,12150
1659440853.403057,12165
1659440853.442021,12205
1659440853.480986,12217
1659440853.522001,12238
1659440853.563015,12260
1659440853.60198,12290
1659440853.640944,12330
1659440853.679908,12375
1659440853.721436,12440
1659440853.762964,12482
1659440853.802269,12536
1659440853.841575,12604
1659440853.880882,12623
1659440853.921384,12532
1659440853.961886,12374
1659440854.000508,12239
1659440854.039131,12155
1659440854.077753,12113
1659440854.120306,12120
1659440854.162859,12156
1659440854.202165,12201
1659440854.241471,12223
1659440854.280777,12227
1659440854.324868,12235
1659440854.368959,12248
1659440854.41305,12273
1659440854.446888,12305
1659440854.480725,12344
1659440854.525158,12392
1659440854.569591,12467
1659440854.614024,12518
1659440854.655551,12478
1659440854.697079,12363
1659440854.735701,12244
1659440854.774324,12193
1659440854.812946,12181
1659440854.852252,12213
1659440854.891558,12253
1659440854.930864,12293
1659440854.971367,12309
1659440855.011869,12327
1659440855.051517,12359
1659440855.091164,12398
1659440855.130812,12458
1659440855.172853,12554
1659440855.214893,12711
1659440855.253173,12837
1659440855.291454,12959
1659440855.329735,13018
1659440855.369041,13001
1659440855.408347,12990
1659440855.447653,12998
1659440855.490206,13024
1659440855.532759,13063
1659440855.571039,13116
1659440855.60932,13164
1659440855.647601,13137
1659440855.689641,13119
1659440855.731681,13169
1659440855.770304,13220
1659440855.808926,13225
1659440855.847548,13218
1659440855.889076,13207
1659440855.930604,13204
1659440855.974353,13158
1659440856.018102,12985
1659440856.061852,12775
1659440856.101158,12607
1659440856.140464,12496
1659440856.17977,12387
1659440856.217708,12316
1659440856.255647,12279
1659440856.293586,12247
1659440856.335626,12227
1659440856.377667,12194
1659440856.416289,12175
1659440856.454912,12186
1659440856.493534,12177
1659440856.532156,12182
1659440856.570779,12204
1659440856.609401,12229
1659440856.651954,12269
1659440856.694507,12245
1659440856.733813,12081
1659440856.773119,11865
1659440856.812425,11712
1659440856.852927,11611
1659440856.89343,11564
1659440856.932052,11570
1659440856.970675,11593
1659440857.009297,11630
1659440857.05185,11643
1659440857.094403,11659
1659440857.133025,11663
1659440857.171648,11691
1659440857.21027,11733
1659440857.254361,11776
1659440857.298452,11832
1659440857.342544,11870
1659440857.380226,11930
1659440857.417908,11968
1659440857.455591,11936
1659440857.493273,11782
1659440857.538048,11593
1659440857.582823,11496
1659440857.627598,11455
1659440857.666562,11457
1659440857.705526,11487
1659440857.74449,11534
1659440857.78653,11564
1659440857.828571,11563
1659440857.866851,11578
1659440857.905132,11608
1659440857.943413,11644
1659440857.982719,11684
1659440858.022025,11731
1659440858.061331,11788
1659440858.102346,11833
1659440858.143361,11853
1659440858.181983,11749
1659440858.220605,11580
1659440858.259228,11446
1659440858.29785,11392
1659440858.336473,11392
1659440858.375095,11422
1659440858.417648,11477
1659440858.460201,11519
1659440858.498823,11536
1659440858.537446,11561
1659440858.576068,11583
1659440858.617596,11633
1659440858.659124,11675
1659440858.69843,11729
1659440858.737736,11776
1659440858.777042,11832
1659440858.818569,11900
1659440858.860097,11905
1659440858.898377,11785
1659440858.936658,11597
1659440858.974939,11471
1659440859.016979,11394
1659440859.059019,11382
1659440859.102769,11386
1659440859.146518,11440
1659440859.190267,11503
1659440859.22889,11544
1659440859.267512,11570
1659440859.306134,11603
1659440859.347662,11641
1659440859.38919,11696
1659440859.428154,11757
1659440859.467118,11827
1659440859.506082,11897
1659440859.546585,11976
1659440859.587087,12049
1659440859.626393,12084
1659440859.665699,11980
1659440859.705005,11792
1659440859.743286,11655
1659440859.781566,11578
1659440859.819847,11548
1659440859.861374,11568
1659440859.902902,11615
1659440859.94255,11661
1659440859.982198,11704
1659440860.021845,11726
1659440860.063373,11755
1659440860.104901,11787
1659440860.14284,11829
1659440860.180779,11886
1659440860.218717,11936
1659440860.258023,11991
1659440860.297329,12054
1659440860.336635,12114
1659440860.378675,12157
1659440860.420716,12095
1659440860.459338,11933
1659440860.497961,11779
1659440860.536583,11695
1659440860.577598,11683
1659440860.618613,11694
1659440860.663729,11746
1659440860.708846,11795
1659440860.753962,11828
1659440860.786774,11848
1659440860.819586,11880
1659440860.864703,11922
1659440860.909819,11990
1659440860.954936,12069
1659440860.98826,12140
1659440861.021585,12212
1659440861.065676,12285
1659440861.109767,12322
1659440861.153858,12251
1659440861.192822,12144
1659440861.231786,12116
1659440861.270751,12180
1659440861.313304,12332
1659440861.355857,12495
1659440861.393796,12633
1659440861.431735,12777
1659440861.469673,12883
1659440861.508637,12976
1659440861.547602,13083
1659440861.586566,13180
1659440861.627581,13245
1659440861.668596,13225
1659440861.70756,13206
1659440861.746524,13251
1659440861.785488,13344
1659440861.826504,13433
1659440861.867518,13522
1659440861.906824,13571
1659440861.94613,13617
1659440861.985436,13688
1659440862.026451,13752
1659440862.067466,13805
1659440862.106772,13820
1659440862.146078,13869
1659440862.185384,13918
1659440862.226912,13945
1659440862.26844,13991
1659440862.307404,14029
1659440862.346368,14058
1659440862.385332,14074
1659440862.429081,14109
1659440862.472831,14154
1659440862.51658,14194
1659440862.550417,14208
1659440862.584255,14076
1659440862.628346,13839
1659440862.672437,13641
1659440862.716528,13529
1659440862.74934,13467
1659440862.782152,13434
1659440862.826585,13432
1659440862.871018,13420
1659440862.915451,13407
1659440862.954415,13368
1659440862.993379,13337
1659440863.032343,13318
1659440863.073871,13310
1659440863.115398,13318
1659440863.154704,13330
1659440863.19401,13378
1659440863.233316,13398
1659440863.274844,13358
1659440863.316372,13201
1659440863.355336,13017
1659440863.3943,12883
1659440863.433264,12804
1659440863.471887,12785
1659440863.510509,12800
1659440863.549131,12825
1659440863.592197,12851
1659440863.635263,12848
1659440863.673202,12848
1659440863.711141,12856
1659440863.749079,12869
1659440863.790094,12905
1659440863.831109,12943
1659440863.870074,12997
1659440863.909038,12997
1659440863.948002,12862
1659440863.992093,12667
1659440864.036184,12547
1659440864.080275,12467
1659440864.1136,12466
1659440864.146924,12492
1659440864.192383,12531
1659440864.237841,12569
1659440864.283299,12585
1659440864.324314,12585
1659440864.365329,12607
1659440864.404293,12633
1659440864.443258,12690
1659440864.482222,12745
1659440864.524775,12799
1659440864.567328,12782
1659440864.60595,12613
1659440864.644572,12398
1659440864.683195,12225
1659440864.721134,12143
1659440864.759073,12099
1659440864.797011,12098
1659440864.839052,12144
1659440864.881092,12181
1659440864.919373,12211
1659440864.957653,12256
1659440864.995934,12315
1659440865.03524,12381
1659440865.074546,12453
1659440865.113852,12513
1659440865.15538,12583
1659440865.196907,12622
1659440865.23553,12494
1659440865.274152,12285
1659440865.312774,12094
1659440865.35379,11967
1659440865.394804,11877
1659440865.434452,11866
1659440865.4741,11888
1659440865.513748,11930
1659440865.554763,11961
1659440865.595778,11977
1659440865.6344,11990
1659440865.673023,12026
1659440865.711645,12066
1659440865.753173,12124
1659440865.7947,12189
1659440865.839133,12248
1659440865.883566,12300
1659440865.927999,12364
1659440865.966621,12402
1659440866.005244,12339
1659440866.043866,12138
1659440866.085907,11929
1659440866.127947,11803
1659440866.166569,11756
1659440866.205192,11736
1659440866.243814,11750
1659440866.282778,11796
1659440866.321742,11844
1659440866.360707,11853
1659440866.402747,11883
1659440866.444787,11913
1659440866.484093,11944
1659440866.523399,11997
1659440866.562705,12051
1659440866.60372,12114
1659440866.644735,12165
1659440866.684041,12230
1659440866.723347,12237
1659440866.762653,12104
1659440866.801275,11918
1659440866.839898,11798
1659440866.87852,11762
1659440866.921073,11763
1659440866.963626,11810
1659440867.001907,11852
1659440867.040188,11876
1659440867.078468,11889
1659440867.119996,11907
1659440867.161524,11949
1659440867.199804,11981
1659440867.238085,12048
1659440867.276366,12110
1659440867.318406,12192
1659440867.360446,12246
1659440867.405563,12308
1659440867.450679,12331
1659440867.495795,12178
1659440867.528607,11979
1659440867.561419,11833
1659440867.60551,11771
1659440867.649601,11744
1659440867.693693,11765
1659440867.732999,11808
1659440867.772305,11858
1659440867.811611,11883
1659440867.849891,11902
1659440867.888172,11933
1659440867.926452,11983
1659440867.965759,12033
1659440868.005064,12086
1659440868.04437,12145
1659440868.084873,12206
1659440868.125375,12268
1659440868.164339,12340
1659440868.203303,12393
1659440868.242268,12326
1659440868.286017,12135
1659440868.329766,11939
1659440868.373516,11811
1659440868.407866,11749
1659440868.442215,11720
1659440868.486307,11740
1659440868.530398,11781
1659440868.574489,11836
1659440868.613453,11868
1659440868.652417,11889
1659440868.691381,11921
1659440868.732909,11970
1659440868.774437,12035
1659440868.813743,12094
1659440868.853049,12164
1659440868.892355,12224
1659440868.930294,12290
1659440868.968232,12343
1659440869.006171,12413
1659440869.048724,12480
1659440869.091277,12517
1659440869.1299,12449
1659440869.168522,12235
1659440869.207144,12041
1659440869.245083,11903
1659440869.283022,11839
1659440869.320961,11817
1659440869.363001,11839
1659440869.405042,11875
1659440869.443664,11905
1659440869.482286,11919
1659440869.520909,11921
1659440869.562437,11949
1659440869.603964,11987
1659440869.648739,12027
1659440869.693513,12086
1659440869.738288,12153
1659440869.771613,12201
1659440869.804937,12257
1659440869.849712,12299
1659440869.894487,12300
1659440869.939261,12146
1659440869.973099,11939
1659440870.006936,11782
1659440870.052052,11723
1659440870.097169,11718
1659440870.142285,11744
1659440870.180224,11799
1659440870.218163,11837
1659440870.256102,11853
1659440870.29763,11864
1659440870.339157,11876
1659440870.377779,11901
1659440870.416402,11947
1659440870.455024,12005
1659440870.496552,12053
1659440870.53808,12115
1659440870.576702,12162
1659440870.615324,12214
1659440870.653947,12266
1659440870.692911,12225
1659440870.731875,12044
1659440870.770839,11807
1659440870.811855,11638
1659440870.85287,11545
1659440870.892175,11507
1659440870.931481,11492
1659440870.970788,11521
1659440871.012315,11562
1659440871.053843,11587
1659440871.092465,11582
1659440871.131088,11599
1659440871.16971,11635
1659440871.210725,11689
1659440871.25174,11737
1659440871.291046,11791
1659440871.330352,11852
1659440871.369658,11915
1659440871.413407,11972
1659440871.457156,12019
1659440871.500906,12053
1659440871.533718,11937
1659440871.56653,11733
1659440871.610621,11570
1659440871.654712,11488
1659440871.698803,11459
1659440871.73264,11463
1659440871.766478,11513
1659440871.810569,11560
1659440871.85466,11603
1659440871.898751,11619
1659440871.938057,11632
1659440871.977363,11681
1659440872.016669,11727
1659440872.057684,11785
1659440872.098699,11863
1659440872.137321,11938
1659440872.175944,12024
1659440872.214566,12112
1659440872.257119,12198
1659440872.299672,12283
1659440872.338636,12335
1659440872.3776,12246
1659440872.416565,12063
1659440872.455187,11941
1659440872.493809,11882
1659440872.532432,11891
1659440872.57396,11964
1659440872.615487,12078
1659440872.654451,12187
1659440872.693416,12264
1659440872.73238,12378
1659440872.77442,12536
1659440872.81646,12697
1659440872.855083,12848
1659440872.893705,13015
1659440872.932328,13160
1659440872.974881,13265
1659440873.017434,13368
1659440873.058705,13447
1659440873.099976,13517
1659440873.141248,13432
1659440873.182519,13281
1659440873.221825,13182
1659440873.261131,13164
1659440873.300437,13202
1659440873.339401,13225
1659440873.378365,13303
1659440873.41733,13378
1659440873.458857,13447
1659440873.500385,13516
1659440873.539349,13537
1659440873.578313,13559
1659440873.617277,13604
1659440873.65778,13654
1659440873.698282,13668
1659440873.736221,13712
1659440873.77416,13732
1659440873.812099,13744
1659440873.854139,13769
1659440873.896179,13726
1659440873.935485,13477
1659440873.974791,13107
1659440874.014097,12791
1659440874.055112,12578
1659440874.096127,12429
1659440874.14056,12304
1659440874.184993,12235
1659440874.229426,12205
1659440874.268732,12145
1659440874.308038,12068
1659440874.347343,12006
1659440874.388871,11938
1659440874.430399,11906
1659440874.469021,11900
1659440874.507644,11899
1659440874.546266,11902
1659440874.587794,11902
1659440874.629321,11917
1659440874.667602,11932
1659440874.705883,11889
1659440874.744163,11674
1659440874.782786,11413
1659440874.821408,11213
1659440874.86003,11111
1659440874.898653,11052
1659440874.937275,11050
1659440874.975898,11063
1659440875.017425,11088
1659440875.058953,11104
1659440875.097917,11097
1659440875.136881,11124
1659440875.175846,11151
1659440875.217886,11194
1659440875.259926,11243
1659440875.298549,11293
1659440875.337171,11354
1659440875.375793,11424
1659440875.418347,11481
1659440875.4609,11468
1659440875.499864,11303
1659440875.538828,11090
1659440875.577792,10955
1659440875.618807,10914
1659440875.659822,10903
1659440875.703913,10957
1659440875.748004,11027
1659440875.792095,11067
1659440875.831401,11084
1659440875.870707,11092
1659440875.910013,11121
1659440875.952054,11160
1659440875.994094,11225
1659440876.032716,11298
1659440876.071339,11389
1659440876.109961,11477
1659440876.151489,11565
1659440876.193017,11606
1659440876.231981,11462
1659440876.270945,11259
1659440876.309909,11097
1659440876.348873,11025
1659440876.387838,10990
1659440876.426802,10988
1659440876.468842,11049
1659440876.510882,11103
1659440876.549847,11130
1659440876.588811,11166
1659440876.627775,11192
1659440876.669303,11256
1659440876.71083,11332
1659440876.750136,11395
1659440876.789442,11469
1659440876.828748,11554
1659440876.867712,11622
1659440876.906677,11703
1659440876.945641,11652
1659440876.985631,11443
1659440877.02562,11237
1659440877.066635,11099
1659440877.10765,11045
1659440877.146614,11033
1659440877.185578,11059
1659440877.224543,11116
1659440877.268634,11170
1659440877.312725,11219
1659440877.356816,11251
1659440877.390141,11300
1659440877.423465,11354
1659440877.467898,11415
1659440877.512331,11505
1659440877.556764,11581
1659440877.595386,11654
1659440877.634009,11721
1659440877.672631,11769
1659440877.714671,11683
1659440877.756712,11483
1659440877.795676,11336
1659440877.83464,11264
1659440877.873604,11254
1659440877.914619,11267
1659440877.955634,11319
1659440877.993915,11384
1659440878.032195,11420
1659440878.070476,11446
1659440878.109782,11466
1659440878.149088,11527
1659440878.188394,11578
1659440878.230434,11658
1659440878.272475,11720
1659440878.311439,11782
1659440878.350403,11858
1659440878.389367,11891
1659440878.428332,11774
1659440878.467296,11579
1659440878.50626,11433
1659440878.550693,11360
1659440878.595126,11334
1659440878.639559,11282
1659440878.680573,11273
1659440878.721588,11277
1659440878.761236,11271
1659440878.800884,11314
1659440878.840532,11470
1659440878.882059,11864
1659440878.923587,12236
1659440878.961868,12532
1659440879.000148,12722
1659440879.038429,12828
1659440879.077735,12898
1659440879.117041,12811
1659440879.156347,12675
1659440879.197362,12554
1659440879.238377,12490
1659440879.276999,12467
1659440879.315622,12429
1659440879.354244,12413
1659440879.39355,12411
1659440879.432856,12372
1659440879.472162,12347
1659440879.513177,12331
1659440879.554192,12322
1659440879.593156,12336
1659440879.63212,12324
1659440879.671085,12296
1659440879.713125,12225
1659440879.755165,12158
1659440879.794129,12119
1659440879.833094,11898
1659440879.872058,11608
1659440879.913073,11372
1659440879.954088,11214
1659440879.999204,11162
1659440880.044321,11116
1659440880.089437,11175
1659440880.122762,11231
1659440880.156086,11246
1659440880.199836,11180
1659440880.243585,11122
1659440880.287334,11103
1659440880.325957,11154
1659440880.364579,11255
1659440880.403202,11355
1659440880.444216,11423
1659440880.485231,11469
1659440880.52317,11498
1659440880.561109,11584
1659440880.599048,11520
1659440880.636987,11397
1659440880.674926,11254
1659440880.712864,11246
1659440880.750803,11366
1659440880.794894,11619
1659440880.838985,11868
1659440880.883076,12007
1659440880.921699,12135
1659440880.960321,12278
1659440880.998944,12433
1659440881.041497,12610
1659440881.08405,12786
1659440881.122672,12942
1659440881.161295,13099
1659440881.199917,13210
1659440881.238539,13206
1659440881.277162,13076
1659440881.315784,12943
1659440881.356799,12887
1659440881.397814,12873
1659440881.436437,12871
1659440881.475059,12864
1659440881.513681,12881
1659440881.555209,12898
1659440881.596737,12892
1659440881.635701,12884
1659440881.674665,12904
1659440881.713629,12948
1659440881.755157,13026
1659440881.796685,13107
1659440881.835649,13181
1659440881.874613,13240
1659440881.913577,13267
1659440881.95613,13191
1659440881.998683,12985
1659440882.037989,12797
1659440882.077295,12660
1659440882.116601,12582
1659440882.160692,12515
1659440882.204783,12517
1659440882.248874,12556
1659440882.290402,12591
1659440882.33193,12610
1659440882.370552,12607
1659440882.409175,12628
1659440882.447797,12656
1659440882.489837,12716
1659440882.531878,12798
1659440882.5705,12893
1659440882.609123,12980
1659440882.647745,12948
1659440882.686709,12764
1659440882.725673,12544
1659440882.764637,12417
1659440882.80514,12390
1659440882.845642,12404
1659440882.884606,12451
1659440882.92357,12493
1659440882.962535,12511
1659440883.004062,12531
1659440883.04559,12574
1659440883.084554,12617
1659440883.123518,12684
1659440883.162483,12746
1659440883.201105,12785
1659440883.239727,12827
1659440883.27835,12867
1659440883.320903,12811
1659440883.363456,12605
1659440883.40242,12407
1659440883.441384,12233
1659440883.480349,12115
1659440883.520851,12055
1659440883.561353,12064
1659440883.603137,12110
1659440883.644921,12131
1659440883.686705,12117
1659440883.728489,12093
1659440883.766428,12089
1659440883.804367,12132
1659440883.842305,12211
1659440883.880928,12295
1659440883.91955,12351
1659440883.958173,12369
1659440884.000213,12294
1659440884.042253,12057
1659440884.080534,11804
1659440884.118815,11651
1659440884.157095,11604
1659440884.199648,11606
1659440884.242201,11655
1659440884.281165,11702
1659440884.32013,11731
1659440884.359094,11724
1659440884.400621,11727
1659440884.442149,11796
1659440884.48624,11889
1659440884.530331,11980
1659440884.574422,12039
1659440884.608773,12066
1659440884.643122,12093
1659440884.686872,12083
1659440884.730621,11970
1659440884.77437,11816
1659440884.812993,11676
1659440884.851615,11593
1659440884.890238,11517
1659440884.932278,11507
1659440884.974318,11508
1659440885.012941,11479
1659440885.051563,11457
1659440885.090185,11434
1659440885.131713,11398
1659440885.173241,11369
1659440885.212888,11397
1659440885.252536,11428
1659440885.292184,11484
1659440885.330806,11474
1659440885.369429,11295
1659440885.408051,11041
1659440885.450092,10879
1659440885.492132,10855
1659440885.531438,10909
1659440885.570744,10918
1659440885.61005,10949
1659440885.651578,10998
1659440885.693105,11033
1659440885.731386,11070
1659440885.769666,11132
1659440885.807947,11194
1659440885.846911,11268
1659440885.885875,11343
1659440885.92484,11413
1659440885.96688,11383
1659440886.00892,11186
1659440886.049935,10892
1659440886.09095,10705
1659440886.129573,10669
1659440886.168195,10672
1659440886.206818,10755
1659440886.251592,10911
1659440886.296367,11050
1659440886.341141,11159
1659440886.374466,11256
1659440886.407791,11342
1659440886.452565,11399
1659440886.49734,11473
1659440886.542115,11550
1659440886.574927,11631
1659440886.607739,11682
1659440886.652172,11610
1659440886.696604,11414
1659440886.741037,11242
1659440886.779318,11175
1659440886.817599,11178
1659440886.855879,11230
1659440886.898432,11299
1659440886.940985,11342
1659440886.978924,11322
1659440887.016863,11312
1659440887.054802,11348
1659440887.093082,11399
1659440887.131363,11476
1659440887.169644,11580
1659440887.210659,11708
1659440887.251673,11810
1659440887.29098,11749
1659440887.330286,11570
1659440887.369591,11433
1659440887.408214,11366
1659440887.446836,11337
1659440887.485459,11339
1659440887.528524,11342
1659440887.57159,11295
1659440887.613118,11242
1659440887.654645,11224
1659440887.693268,11233
1659440887.73189,11256
1659440887.770513,11294
1659440887.813066,11352
1659440887.855619,11407
1659440887.894583,11390
1659440887.933547,11167
1659440887.972511,10929
1659440888.016261,10792
1659440888.06001,10744
1659440888.103759,10742
1659440888.137084,10810
1659440888.170408,10912
1659440888.214841,10985
1659440888.259274,11030
1659440888.303707,11056
1659440888.345235,11101
1659440888.386762,11171
1659440888.425727,11214
1659440888.464691,11246
1659440888.503655,11237
1659440888.543303,11110
1659440888.582951,10853
1659440888.622598,10622
1659440888.663613,10518
1659440888.704628,10500
1659440888.743934,10525
1659440888.78324,10596
1659440888.822546,10691
1659440888.861511,10756
1659440888.900475,10812
1659440888.939439,10859
1659440888.98353,10898
1659440889.027621,10948
1659440889.071712,11014
1659440889.104524,11090
1659440889.137336,11133
1659440889.181769,11169
1659440889.226202,11215
1659440889.270635,11135
1659440889.308573,10921
1659440889.346512,10750
1659440889.384451,10679
1659440889.427004,10645
1659440889.469557,10662
1659440889.50818,10724
1659440889.546802,10792
1659440889.585424,10823
1659440889.626439,10849
1659440889.667454,10873
1659440889.706419,10928
1659440889.745383,10987
1659440889.784347,11064
1659440889.823311,11126
1659440889.862275,11187
1659440889.90124,11240
1659440889.942767,11140
1659440889.984295,10919
1659440890.023601,10755
1659440890.062907,10700
1659440890.102213,10695
1659440890.143228,10742
1659440890.184243,10803
1659440890.222523,10862
1659440890.260804,10909
1659440890.299085,10921
1659440890.337707,10942
1659440890.376329,10985
1659440890.414952,11041
1659440890.456992,11099
1659440890.499032,11166
1659440890.542782,11230
1659440890.586531,11290
1659440890.63028,11251
1659440890.663605,11041
1659440890.69693,10850
1659440890.741704,10745
1659440890.786479,10725
1659440890.831254,10739
1659440890.865091,10807
1659440890.898928,10875
1659440890.943361,10926
1659440890.987794,10971
1659440891.032227,10986
1659440891.065552,11027
1659440891.098876,11070
1659440891.142967,11069
1659440891.187058,11044
1659440891.231149,11031
1659440891.269772,11095
1659440891.308394,11199
1659440891.347017,11293
1659440891.38957,11344
1659440891.432123,11379
1659440891.470745,11408
1659440891.509367,11446
1659440891.54799,11504
1659440891.586612,11569
1659440891.625235,11647
1659440891.663857,11744
1659440891.705898,11827
1659440891.747938,11908
1659440891.787244,11963
1659440891.82655,12027
1659440891.865856,12079
1659440891.907383,12130
1659440891.948911,12182
1659440891.987875,12217
1659440892.026839,12285
1659440892.065804,12329
1659440892.107844,12376
1659440892.149884,12317
1659440892.188849,12062
1659440892.227813,11758
1659440892.266777,11568
1659440892.308305,11496
1659440892.349832,11501
1659440892.388797,11532
1659440892.427761,11565
1659440892.466725,11569
1659440892.510132,11562
1659440892.55354,11549
1659440892.596947,11550
1659440892.630272,11580
1659440892.663597,11617
1659440892.70803,11662
1659440892.752462,11721
1659440892.796895,11777
1659440892.83791,11809
1659440892.878925,11690
1659440892.917889,11466
1659440892.956854,11302
1659440892.995818,11250
1659440893.034782,11256
1659440893.073746,11308
1659440893.11271,11384
1659440893.154751,11432
1659440893.196791,11433
1659440893.235072,11437
1659440893.273352,11451
1659440893.311633,11469
1659440893.354186,11513
1659440893.396739,11543
1659440893.43502,11596
1659440893.4733,11618
1659440893.511581,11515
1659440893.549861,11266
1659440893.588142,11072
1659440893.626423,10988
1659440893.668976,10982
1659440893.711529,11005
1659440893.74981,11072
1659440893.78809,11129
1659440893.826371,11160
1659440893.866873,11188
1659440893.907375,11236
1659440893.947023,11276
1659440893.986671,11339
1659440894.026319,11397
1659440894.070751,11460
1659440894.115184,11520
1659440894.159617,11505
1659440894.19824,11295
1659440894.236862,11027
1659440894.275484,10862
1659440894.31855,10790
1659440894.361616,10776
1659440894.40058,10807
1659440894.439544,10867
1659440894.478508,10897
1659440894.517131,10922
1659440894.555753,10927
1659440894.594376,10950
1659440894.635391,10991
1659440894.676406,11033
1659440894.71537,11091
1659440894.754334,11158
1659440894.793298,11219
1659440894.831921,11271
1659440894.870543,11166
1659440894.909165,10923
1659440894.950693,10708
1659440894.992221,10610
1659440895.033748,10577
1659440895.075276,10582
1659440895.11424,10648
1659440895.153204,10708
1659440895.192169,10761
1659440895.237285,10778
1659440895.282402,10797
1659440895.327518,10827
1659440895.36033,10883
1659440895.393142,10947
1659440895.437233,11007
1659440895.481324,11076
1659440895.525415,11123
1659440895.559253,11195
1659440895.59309,11243
1659440895.637523,11192
1659440895.681956,10980
1659440895.726388,10753
1659440895.764669,10634
1659440895.80295,10590
1659440895.84123,10603
1659440895.882245,10651
1659440895.92326,10730
1659440895.961883,10761
1659440896.000505,10785
1659440896.039127,10826
1659440896.077408,10858
1659440896.115689,10904
1659440896.153969,10958
1659440896.19601,11030
1659440896.23805,11092
1659440896.276672,11157
1659440896.315295,11197
1659440896.353917,11254
1659440896.395445,11295
1659440896.436973,11201
1659440896.475937,10977
1659440896.514901,10810
1659440896.553865,10749
1659440896.595906,10739
1659440896.637946,10782
1659440896.677252,10840
1659440896.716558,10895
1659440896.755864,10931
1659440896.796366,10925
1659440896.836868,10939
1659440896.875833,10991
1659440896.914797,11036
1659440896.953761,11099
1659440896.99751,11149
1659440897.04126,11210
1659440897.085009,11265
1659440897.118846,11336
1659440897.152683,11332
1659440897.197116,11190
1659440897.241549,10984
1659440897.285982,10850
1659440897.32751,10804
1659440897.369037,10804
1659440897.408001,10830
1659440897.446966,10892
1659440897.48593,10941
1659440897.525236,10971
1659440897.564542,10982
1659440897.603848,11017
1659440897.646401,11065
1659440897.688954,11118
1659440897.727918,11185
1659440897.766882,11256
1659440897.805847,11322
1659440897.846862,11381
1659440897.887877,11436
1659440897.926841,11488
1659440897.965805,11425
1659440898.004769,11213
1659440898.043391,11031
1659440898.082014,10933
1659440898.120636,10907
1659440898.162164,10932
1659440898.203692,10962
1659440898.242656,11017
1659440898.28162,11060
1659440898.320584,11085
1659440898.361599,11132
1659440898.402614,11218
1659440898.44192,11382
1659440898.481226,11564
1659440898.520532,11768
1659440898.562572,11933
1659440898.604613,12122
1659440898.648704,12295
1659440898.692795,12502
1659440898.736886,12782
1659440898.770211,12993
1659440898.803535,13027
1659440898.847626,13002
1659440898.891717,13034
1659440898.935809,13109
1659440898.974773,13188
1659440899.013737,13295
1659440899.052701,13433
1659440899.093204,13551
1659440899.133706,13607
1659440899.173012,13628
1659440899.212318,13634
1659440899.251624,13622
1659440899.288537,13635
1659440899.325451,13623
1659440899.362364,13631
1659440899.399277,13636
1659440899.440805,13661
1659440899.482333,13659
1659440899.527107,13623
1659440899.571882,13454
1659440899.616657,13258
1659440899.649469,13133
1659440899.682281,13088
1659440899.727397,13065
1659440899.772514,13072
1659440899.81763,13097
1659440899.850955,13096
1659440899.884279,13119
1659440899.92837,13168
1659440899.972461,13220
1659440900.016553,13290
1659440900.055175,13339
1659440900.093797,13392
1659440900.13242,13434
1659440900.174973,13485
1659440900.217526,13533
1659440900.255806,13582
1659440900.294087,13596
1659440900.332368,13444
1659440900.373895,13204
1659440900.415423,13018
1659440900.454046,12912
1659440900.492668,12873
1659440900.53129,12838
1659440900.570596,12851
1659440900.609902,12895
1659440900.649208,12911
1659440900.690736,12889
1659440900.732264,12880
1659440900.771569,12910
1659440900.810876,12951
1659440900.850182,13002
1659440900.891709,13035
1659440900.933237,13061
1659440900.972543,13082
1659440901.011849,13108
1659440901.051155,13085
1659440901.093195,12892
1659440901.135236,12585
1659440901.173858,12310
1659440901.21248,12137
1659440901.251103,12032
1659440901.291605,11960
1659440901.332107,11953
1659440901.371413,11931
1659440901.410719,11896
1659440901.450025,11844
1659440901.494116,11819
1659440901.538208,11841
1659440901.582299,11893
1659440901.61511,11976
1659440901.647923,12055
1659440901.692355,12118
1659440901.736788,12162
1659440901.781221,12194
1659440901.822749,12122
1659440901.864276,11872
1659440901.90324,11588
1659440901.942205,11395
1659440901.981169,11317
1659440902.020133,11286
1659440902.059097,11317
1659440902.098062,11352
1659440902.139076,11374
1659440902.180091,11376
1659440902.219056,11374
1659440902.25802,11396
1659440902.296984,11441
1659440902.335265,11499
1659440902.373545,11554
1659440902.411826,11617
1659440902.454379,11678
1659440902.496932,11734
1659440902.535213,11748
1659440902.573493,11614
1659440902.611774,11319
1659440902.652276,11045
1659440902.692778,10864
1659440902.732084,10784
1659440902.77139,10757
1659440902.810696,10778
1659440902.852224,10823
1659440902.893752,10879
1659440902.932032,10910
1659440902.970313,10926
1659440903.008594,10892
1659440903.051147,10867
1659440903.093699,10892
1659440903.138474,10939
1659440903.183249,10991
1659440903.228024,11038
1659440903.266646,11090
1659440903.305268,11151
1659440903.343891,11188
1659440903.386444,11034
1659440903.428997,10789
1659440903.467961,10606
1659440903.506925,10528
1659440903.545889,10512
1659440903.586904,10528
1659440903.627919,10577
1659440903.666883,10639
1659440903.705848,10700
1659440903.744812,10715
1659440903.783092,10732
1659440903.821373,10777
1659440903.859654,10831
1659440903.901181,10897
1659440903.942709,10953
1659440903.982357,11031
1659440904.022005,11090
1659440904.061652,11159
1659440904.10318,11225
1659440904.144708,11174
1659440904.182988,10996
1659440904.221269,10828
1659440904.25955,10768
1659440904.299197,10771
1659440904.338845,10792
1659440904.378493,10835
1659440904.420021,10903
1659440904.461548,10950
1659440904.499829,10971
1659440904.53811,11009
1659440904.57639,11050
1659440904.617405,11108
1659440904.65842,11187
1659440904.703195,11250
1659440904.747969,11335
1659440904.792744,11412
1659440904.825556,11472
1659440904.858368,11458
1659440904.902801,11316
1659440904.947234,11131
1659440904.991667,11043
1659440905.030631,11021
1659440905.069595,11042
1659440905.108559,11098
1659440905.149574,11158
1659440905.190589,11203
1659440905.229895,11233
1659440905.269201,11251
1659440905.308507,11281
1659440905.350035,11342
1659440905.391562,11400
1659440905.430185,11463
1659440905.468807,11532
1659440905.50743,11594
1659440905.546052,11656
1659440905.584674,11658
1659440905.623297,11486
1659440905.661919,11277
1659440905.700542,11158
1659440905.739164,11117
1659440905.781204,11111
1659440905.823245,11144
1659440905.861525,11191
1659440905.899806,11243
1659440905.938087,11275
1659440905.979614,11287
1659440906.021142,11309
1659440906.065233,11364
1659440906.109324,11406
1659440906.153415,11454
1659440906.187253,11505
1659440906.22109,11580
1659440906.265864,11646
1659440906.310639,11704
1659440906.355414,11659
1659440906.388738,11466
1659440906.422063,11257
1659440906.466496,11132
1659440906.510929,11084
1659440906.555362,11069
1659440906.589199,11090
1659440906.623036,11130
1659440906.667811,11173
1659440906.712586,11195
1659440906.75736,11200
1659440906.795983,11234
1659440906.834605,11265
1659440906.873228,11324
1659440906.914755,11361
1659440906.956283,11408
1659440906.995247,11474
1659440907.034211,11531
1659440907.073175,11586
1659440907.111456,11568
1659440907.149737,11395
1659440907.188017,11187
1659440907.227665,11079
1659440907.267313,11053
1659440907.306961,11057
1659440907.349001,11109
1659440907.391041,11172
1659440907.429322,11197
1659440907.467603,11210
1659440907.505883,11223
1659440907.547411,11243
1659440907.588938,11290
1659440907.632004,11331
1659440907.67507,11376
1659440907.713692,11436
1659440907.752315,11493
1659440907.790937,11540
1659440907.835028,11510
1659440907.879119,11313
1659440907.92321,11089
1659440907.956022,10959
1659440907.988834,10919
1659440908.032584,10920
1659440908.076333,10959
1659440908.120082,11003
1659440908.159046,11041
1659440908.198011,11060
1659440908.236975,11068
1659440908.278502,11102
1659440908.32003,11140
1659440908.358653,11190
1659440908.397275,11245
1659440908.435897,11315
1659440908.476912,11370
1659440908.517927,11431
1659440908.557575,11475
1659440908.597223,11418
1659440908.636871,11205
1659440908.675151,10992
1659440908.713432,10886
1659440908.751713,10855
1659440908.792727,10852
1659440908.833742,10899
1659440908.87339,10933
1659440908.913038,10992
1659440908.952686,11000
1659440908.990966,11022
1659440909.029247,11049
1659440909.067528,11099
1659440909.110081,11169
1659440909.152634,11224
1659440909.194161,11285
1659440909.235689,11355
1659440909.274311,11417
1659440909.312934,11468
1659440909.351556,11400
1659440909.395305,11191
1659440909.439055,10990
1659440909.482804,10910
1659440909.517154,10889
1659440909.551504,10899
1659440909.595937,10946
1659440909.64037,10993
1659440909.684803,11036
1659440909.717615,11058
1659440909.750427,11068
1659440909.792723,11083
1659440909.83502,11138
1659440909.877317,11194
1659440909.919613,11242
1659440909.958578,11307
1659440909.997542,11368
1659440910.036506,11431
1659440910.080597,11479
1659440910.124688,11444
1659440910.168779,11253
1659440910.202616,11064
1659440910.236454,10964
1659440910.280545,10942
1659440910.324636,10969
1659440910.368727,11017
1659440910.401539,11074
1659440910.434351,11085
1659440910.478784,11095
1659440910.523217,11123
1659440910.56765,11149
1659440910.606272,11194
1659440910.644894,11247
1659440910.683517,11309
1659440910.725557,11371
1659440910.767597,11433
1659440910.806904,11477
1659440910.84621,11414
1659440910.885515,11217
1659440910.92653,11030
1659440910.967545,10940
1659440911.00651,10914
1659440911.045474,10922
1659440911.084438,10955
1659440911.122719,10999
1659440911.160999,11010
1659440911.19928,10995
1659440911.241833,10999
1659440911.284386,11004
1659440911.322667,11032
1659440911.360947,11081
1659440911.399228,11135
1659440911.440243,11203
1659440911.481258,11265
1659440911.520222,11306
1659440911.559186,11254
1659440911.59815,11052
1659440911.639678,10834
1659440911.681206,10705
1659440911.719486,10659
1659440911.757767,10643
1659440911.796047,10669
1659440911.840822,10725
1659440911.885597,10774
1659440911.930372,10796
1659440911.963183,10808
1659440911.995995,10829
1659440912.040087,10852
1659440912.084177,10903
1659440912.128268,10948
1659440912.170309,11000
1659440912.212349,11049
1659440912.251313,11098
1659440912.290278,11108
1659440912.329242,10964
1659440912.367522,10726
1659440912.405803,10581
1659440912.444084,10532
1659440912.486124,10536
1659440912.528164,10560
1659440912.566445,10627
1659440912.604726,10680
1659440912.643006,10731
1659440912.685047,10751
1659440912.727087,10775
1659440912.766393,10831
1659440912.805699,10875
1659440912.845005,10929
1659440912.883627,10969
1659440912.92225,11040
1659440912.960872,11080
1659440913.001887,11099
1659440913.042902,11004
1659440913.082892,10815
1659440913.122881,10677
1659440913.162871,10650
1659440913.204398,10688
1659440913.245926,10745
1659440913.28489,10820
1659440913.323854,10876
1659440913.362819,10927
1659440913.403834,10947
1659440913.444849,10987
1659440913.489281,11046
1659440913.533714,11106
1659440913.578147,11182
1659440913.61677,11249
1659440913.655392,11311
1659440913.694015,11353
1659440913.736055,11258
1659440913.778095,11050
1659440913.816034,10881
1659440913.853973,10813
1659440913.891912,10807
1659440913.932927,10837
1659440913.973942,10913
1659440914.013589,10974
1659440914.053237,11017
1659440914.092885,11037
1659440914.131849,11048
1659440914.170813,11078
1659440914.209778,11112
1659440914.250793,11150
1659440914.291807,11195
1659440914.331113,11253
1659440914.37042,11329
1659440914.409725,11364
1659440914.451766,11291
1659440914.493806,11183
1659440914.532087,11202
1659440914.570367,11263
1659440914.608648,11417
1659440914.646929,11609
1659440914.685209,11775
1659440914.72349,11878
1659440914.765018,11975
1659440914.806545,12056
1659440914.844826,12112
1659440914.883106,12142
1659440914.921387,12143
1659440914.963427,12132
1659440915.005468,12150
1659440915.047252,12151
1659440915.089036,12138
1659440915.13082,12131
1659440915.172604,12095
1659440915.214131,11916
1659440915.255659,11632
1659440915.294623,11353
1659440915.333587,11170
1659440915.372551,11064
1659440915.411174,11013
1659440915.449796,11008
1659440915.488419,11006
1659440915.529434,10990
1659440915.570449,10952
1659440915.610096,10926
1659440915.649744,10886
1659440915.689392,10856
1659440915.730407,10877
1659440915.771422,10902
1659440915.810044,10912
1659440915.848667,10942
1659440915.887289,10976
1659440915.928304,10998
1659440915.969319,10930
1659440916.008967,10743
1659440916.048615,10584
1659440916.088262,10534
1659440916.132354,10558
1659440916.176445,10593
1659440916.220536,10629
1659440916.25386,10677
1659440916.287185,10716
1659440916.331959,10731
1659440916.376734,10725
1659440916.421509,10740
1659440916.460131,10787
1659440916.498754,10829
1659440916.537376,10844
1659440916.579417,10839
1659440916.621457,10860
1659440916.660763,10875
1659440916.700069,10803
1659440916.739375,10589
1659440916.78039,10389
1659440916.821405,10288
1659440916.860027,10270
1659440916.898649,10275
1659440916.937272,10306
1659440916.976236,10350
1659440917.0152,10373
1659440917.054165,10380
1659440917.096205,10385
1659440917.138245,10408
1659440917.176184,10428
1659440917.214123,10470
1659440917.252062,10517
1659440917.294102,10574
1659440917.336142,10609
1659440917.375107,10644
1659440917.414071,10617
1659440917.453035,10427
1659440917.494563,10239
1659440917.53609,10143
1659440917.575054,10119
1659440917.614019,10141
1659440917.652983,10175
1659440917.695023,10227
1659440917.737064,10273
1659440917.775002,10307
1659440917.812941,10311
1659440917.85088,10344
1659440917.894971,10385
1659440917.939062,10435
1659440917.983153,10497
1659440918.025706,10548
1659440918.068259,10599
1659440918.10654,10647
1659440918.144821,10702
1659440918.183101,10714
1659440918.222065,10596
1659440918.26103,10403
1659440918.299994,10288
1659440918.342034,10260
1659440918.384074,10278
1659440918.422355,10320
1659440918.460636,10382
1659440918.498916,10427
1659440918.541469,10462
1659440918.584022,10483
1659440918.622987,10506
1659440918.661951,10532
1659440918.700915,10576
1659440918.739537,10638
1659440918.77816,10695
1659440918.816782,10740
1659440918.85831,10788
1659440918.899837,10843
1659440918.939485,10890
1659440918.979133,10846
1659440919.018781,10708
1659440919.059283,10586
1659440919.099785,10537
1659440919.138408,10561
1659440919.17703,10598
1659440919.215653,10646
1659440919.25718,10700
1659440919.298708,10736
1659440919.338014,10740
1659440919.37732,10770
1659440919.416626,10788
1659440919.457641,10826
1659440919.498656,10887
1659440919.543431,10938
1659440919.588205,10994
1659440919.63298,11039
1659440919.671602,11084
1659440919.710225,11063
1659440919.748847,10930
1659440919.790375,10778
1659440919.831902,10738
1659440919.87155,10735
1659440919.911198,10765
1659440919.950846,10812
1659440919.992373,10869
1659440920.033901,10900
1659440920.072182,10906
1659440920.110462,10941
1659440920.148743,10954
1659440920.187707,11005
1659440920.226671,11042
1659440920.265635,11095
1659440920.303916,11143
1659440920.342197,11191
1659440920.380477,11224
1659440920.422005,11179
1659440920.463533,11016
1659440920.502155,10866
1659440920.540777,10799
1659440920.5794,10797
1659440920.623833,10809
1659440920.668266,10854
1659440920.712698,10890
1659440920.746023,10920
1659440920.779348,10938
1659440920.824122,10955
1659440920.868897,10976
1659440920.913672,11005
1659440920.947509,11058
1659440920.981346,11104
1659440921.025438,11156
1659440921.069529,11193
1659440921.11362,11236
1659440921.152242,11276
1659440921.190865,11230
1659440921.229487,11052
1659440921.269989,10881
1659440921.310492,10797
1659440921.349114,10773
1659440921.387736,10789
1659440921.426359,10812
1659440921.465665,10860
1659440921.504971,10900
1659440921.544277,10905
1659440921.585804,10912
1659440921.627332,10934
1659440921.665954,10959
1659440921.704577,10992
1659440921.743199,11036
1659440921.784727,11088
1659440921.826255,11125
1659440921.865902,11174
1659440921.90555,11209
1659440921.945198,11197
1659440921.986213,11055
1659440922.027228,10863
1659440922.06585,10751
1659440922.104473,10720
1659440922.143095,10723
1659440922.185135,10736
1659440922.227176,10779
1659440922.266482,10812
1659440922.305788,10825
1659440922.345094,10826
1659440922.389185,10832
1659440922.433276,10857
1659440922.477367,10887
1659440922.518894,10927
1659440922.560422,10965
1659440922.599045,11012
1659440922.637667,11046
1659440922.676289,11074
1659440922.717304,11037
1659440922.758319,10877
1659440922.797967,10721
1659440922.837615,10658
1659440922.877263,10648
1659440922.915885,10679
1659440922.954508,10717
1659440922.99313,10759
1659440923.034145,10774
1659440923.07516,10776
1659440923.114808,10774
1659440923.154455,10803
1659440923.194103,10835
1659440923.235631,10850
1659440923.277158,10836
1659440923.315439,10815
1659440923.35372,10840
1659440923.392,10918
1659440923.430964,10973
1659440923.469929,11012
1659440923.508893,11031
1659440923.549908,11043
1659440923.590923,11060
1659440923.629204,11102
1659440923.667484,11133
1659440923.705765,11167
1659440923.747805,11215
1659440923.789845,11243
1659440923.828468,11287
1659440923.86709,11320
1659440923.905713,11355
1659440923.946728,11394
1659440923.987743,11435
1659440924.032517,11462
1659440924.077292,11497
1659440924.122066,11456
1659440924.161031,11262
1659440924.199995,11028
1659440924.238959,10894
1659440924.280487,10850
1659440924.322015,10854
1659440924.36132,10881
1659440924.400626,10920
1659440924.439932,10911
1659440924.480947,10916
1659440924.521962,10900
1659440924.560243,10909
1659440924.598524,10924
1659440924.636804,10950
1659440924.675768,10981
1659440924.714733,11018
1659440924.753697,11048
1659440924.79625,11054
1659440924.838803,10934
1659440924.877084,10733
1659440924.915364,10611
1659440924.953645,10562
1659440924.995173,10556
1659440925.0367,10589
1659440925.076006,10619
1659440925.115312,10665
1659440925.154618,10666
1659440925.193582,10671
1659440925.232546,10687
1659440925.271511,10716
1659440925.313038,10748
1659440925.354566,10775
1659440925.396094,10818
1659440925.437621,10858
1659440925.476244,10830
1659440925.514866,10666
1659440925.553488,10483
1659440925.595016,10383
1659440925.636544,10368
1659440925.678071,10372
1659440925.719599,10403
1659440925.762152,10444
1659440925.804705,10477
1659440925.842986,10476
1659440925.881266,10478
1659440925.919547,10493
1659440925.958169,10522
1659440925.996792,10552
1659440926.035414,10590
1659440926.076942,10633
1659440926.118469,10660
1659440926.157434,10547
1659440926.196398,10372
1659440926.235362,10264
1659440926.27689,10235
1659440926.318417,10245
1659440926.357723,10282
1659440926.397029,10335
1659440926.436335,10367
1659440926.477863,10380
1659440926.519391,10382
1659440926.557671,10395
1659440926.595952,10430
1659440926.634233,10464
1659440926.676273,10498
1659440926.718313,10549
1659440926.757277,10574
1659440926.796242,10475
1659440926.835206,10296
1659440926.878955,10196
1659440926.922704,10175
1659440926.966454,10180
1659440927.007469,10205
1659440927.048484,10255
1659440927.087106,10312
1659440927.125728,10336
1659440927.164351,10358
1659440927.202631,10367
1659440927.240912,10405
1659440927.279193,10461
1659440927.321746,10501
1659440927.364299,10551
1659440927.403605,10597
1659440927.442911,10643
1659440927.482217,10617
1659440927.523232,10481
1659440927.564247,10337
1659440927.603553,10272
1659440927.642859,10269
1659440927.682165,10287
1659440927.724718,10321
1659440927.767271,10378
1659440927.805209,10434
1659440927.843148,10456
1659440927.881087,10485
1659440927.920051,10520
1659440927.959016,10556
1659440927.99798,10614
1659440928.039507,10667
1659440928.081035,10739
1659440928.119999,10764
1659440928.158963,10810
1659440928.197928,10861
1659440928.239455,10915
1659440928.280983,10952
1659440928.320289,10932
1659440928.359595,10820
1659440928.398901,10686
1659440928.440428,10621
1659440928.481956,10604
1659440928.526047,10609
1659440928.570138,10654
1659440928.614229,10710
1659440928.648579,10763
1659440928.68293,10782
1659440928.727362,10804
1659440928.771795,10832
1659440928.816228,10895
1659440928.855192,10931
1659440928.894156,10984
1659440928.933121,11039
1659440928.974648,11074
1659440929.016176,11115
1659440929.05514,11160
1659440929.094104,11195
1659440929.133069,11214
1659440929.171349,11174
1659440929.20963,11052
1659440929.24791,10956
1659440929.289438,10938
1659440929.330966,10946
1659440929.369246,10986
1659440929.407527,11033
1659440929.445808,11082
1659440929.487848,11113
1659440929.529888,11130
1659440929.568852,11156
1659440929.607817,11190
1659440929.646781,11237
1659440929.685745,11276
1659440929.724709,11315
1659440929.763674,11368
1659440929.804688,11393
1659440929.845703,11418
1659440929.887744,11447
1659440929.929784,11397
1659440929.968748,11256
1659440930.007713,11133
1659440930.046677,11086
1659440930.090768,11044
1659440930.134859,11052
1659440930.17895,11091
1659440930.211762,11160
1659440930.244574,11201
1659440930.289007,11229
1659440930.33344,11267
1659440930.377872,11305
1659440930.41171,11342
1659440930.445547,11387
1659440930.489638,11445
1659440930.533729,11497
1659440930.57782,11534
1659440930.616785,11575
1659440930.655749,11612
1659440930.694713,11643
1659440930.736241,11558
1659440930.777768,11382
1659440930.816391,11246
1659440930.855013,11172
1659440930.893636,11147
1659440930.933283,11136
1659440930.972931,11155
1659440931.012579,11192
1659440931.051543,11221
1659440931.090507,11215
1659440931.129472,11226
1659440931.170486,11254
1659440931.211501,11288
1659440931.250466,11322
1659440931.28943,11360
1659440931.328394,11405
1659440931.369409,11448
1659440931.410424,11480
1659440931.454515,11507
1659440931.498606,11543
1659440931.542697,11579
1659440931.577047,11518
1659440931.611397,11360
1659440931.65583,11185
1659440931.700263,11090
1659440931.744696,11051
1659440931.78366,11046
1659440931.822624,11062
1659440931.861588,11106
1659440931.903116,11148
1659440931.944644,11148
1659440931.98395,11151
1659440932.023256,11174
1659440932.062562,11201
1659440932.100842,11244
1659440932.139123,11290
1659440932.177403,11332
1659440932.219957,11372
1659440932.26251,11412
1659440932.30079,11442
1659440932.339071,11476
1659440932.377352,11510
1659440932.418879,11514
1659440932.460407,11433
1659440932.499371,11263
1659440932.538335,11130
1659440932.577299,11091
1659440932.61558,11086
1659440932.653861,11105
1659440932.692141,11151
1659440932.732644,11182
1659440932.773146,11192
1659440932.812452,11188
1659440932.851758,11222
1659440932.891064,11291
1659440932.932591,11397
1659440932.974119,11473
1659440933.01821,11548
1659440933.062301,11629
1659440933.106392,11690
1659440933.139717,11748
1659440933.173042,11825
1659440933.217816,11843
1659440933.262591,11727
1659440933.307366,11529
1659440933.345304,11389
1659440933.383243,11319
1659440933.421182,11302
1659440933.463735,11289
1659440933.506288,11317
1659440933.54491,11336
1659440933.583533,11362
1659440933.622155,11364
1659440933.662657,11404
1659440933.70316,11450
1659440933.741782,11506
1659440933.780405,11572
1659440933.819027,11633
1659440933.858333,11701
1659440933.897639,11764
1659440933.936945,11793
1659440933.978473,11796
1659440934.02,11685
1659440934.059306,11476
1659440934.098612,11306
1659440934.137918,11232
1659440934.179959,11195
1659440934.221999,11196
1659440934.260963,11225
1659440934.299927,11257
1659440934.338892,11292
1659440934.380932,11296
1659440934.422972,11315
1659440934.461936,11325
1659440934.500901,11376
1659440934.539865,11402
1659440934.580367,11451
1659440934.620869,11495
1659440934.659492,11536
1659440934.698114,11571
1659440934.736737,11479
1659440934.781511,11267
1659440934.826286,11099
1659440934.871061,11006
1659440934.904385,10974
1659440934.93771,10968
1659440934.981801,11008
1659440935.025892,11052
1659440935.069983,11076
1659440935.103308,11077
1659440935.136632,11082
1659440935.180724,11110
1659440935.224815,11134
1659440935.268906,11170
1659440935.308212,11215
1659440935.347518,11250
1659440935.386824,11185
1659440935.428351,10976
1659440935.469879,10785
1659440935.508843,10666
1659440935.547807,10640
1659440935.586772,10626
1659440935.625052,10671
1659440935.663333,10709
1659440935.701613,10726
1659440935.743654,10724
1659440935.785694,10728
1659440935.824658,10742
1659440935.863623,10774
1659440935.902587,10824
1659440935.943089,10875
1659440935.983591,10859
1659440936.021872,10694
1659440936.060153,10492
1659440936.098433,10390
1659440936.140474,10373
1659440936.182514,10375
1659440936.224554,10426
1659440936.266594,10489
1659440936.30761,10524
1659440936.348624,10543
1659440936.387589,10570
1659440936.426553,10595
1659440936.465517,10644
1659440936.50807,10696
1659440936.550623,10756
1659440936.588904,10799
1659440936.627184,10694
1659440936.665465,10514
1659440936.704429,10413
1659440936.743393,10400
1659440936.782357,10429
1659440936.823885,10492
1659440936.865413,10571
1659440936.904035,10609
1659440936.942658,10623
1659440936.98128,10644
1659440937.02332,10704
1659440937.065361,10745
1659440937.103641,10768
1659440937.141922,10815
1659440937.180202,10873
1659440937.22173,10888
1659440937.263258,10812
1659440937.308033,10662
1659440937.352807,10568
1659440937.397582,10542
1659440937.431932,10560
1659440937.466282,10591
1659440937.510715,10654
1659440937.555148,10706
1659440937.599581,10736
1659440937.638545,10752
1659440937.677509,10787
1659440937.716473,10834
1659440937.758513,10887
1659440937.800554,10948
1659440937.839518,10998
1659440937.878482,11059
1659440937.917446,11105
1659440937.957949,11038
1659440937.998451,10904
1659440938.037757,10801
1659440938.077063,10765
1659440938.116369,10748
1659440938.154649,10768
1659440938.19293,10825
1659440938.231211,10891
1659440938.273764,10946
1659440938.316317,10967
1659440938.355281,11002
1659440938.394245,11048
1659440938.433209,11123
1659440938.471832,11188
1659440938.510454,11267
1659440938.549077,11340
1659440938.590092,11390
1659440938.631107,11449
1659440938.670071,11493
1659440938.709035,11558
1659440938.747999,11549
1659440938.789527,11446
1659440938.831054,11340
1659440938.875146,11276
1659440938.919237,11246
1659440938.963328,11229
1659440938.99614,11245
1659440939.028952,11285
1659440939.073043,11352
1659440939.117134,11382
1659440939.161225,11407
1659440939.199506,11445
1659440939.237786,11486
1659440939.276067,11548
1659440939.31862,11599
1659440939.361173,11652
1659440939.399453,11702
1659440939.437734,11779
1659440939.476015,11773
1659440939.517542,11794
1659440939.55907,11746
1659440939.598034,11593
1659440939.636998,11485
1659440939.675962,11426
1659440939.714927,11396
1659440939.753891,11376
1659440939.792855,11392
1659440939.834896,11434
1659440939.876936,11457
1659440939.916242,11482
1659440939.955548,11493
1659440939.994854,11528
1659440940.035869,11544
1659440940.076884,11566
1659440940.115848,11576
1659440940.154812,11586
1659440940.193776,11609
1659440940.232741,11638
1659440940.271705,11669
1659440940.310669,11696
1659440940.352709,11729
1659440940.39475,11753
1659440940.435252,11676
1659440940.475754,11553
1659440940.514377,11451
1659440940.552999,11385
1659440940.591621,11354
1659440940.636396,11339
1659440940.681171,11346
1659440940.725945,11339
1659440940.760295,11340
1659440940.794646,11324
1659440940.838737,11326
1659440940.882828,11365
1659440940.926919,11411
1659440940.960756,11476
1659440940.994593,11528
1659440941.038684,11588
1659440941.082776,11633
1659440941.126867,11668
1659440941.166173,11700
1659440941.205479,11732
1659440941.244785,11755
1659440941.2858,11703
1659440941.326814,11579
1659440941.364241,11464
1659440941.401667,11413
1659440941.439093,11410
1659440941.476519,11397
1659440941.517021,11405
1659440941.557523,11421
1659440941.597171,11435
1659440941.636819,11428
1659440941.676467,11449
1659440941.717995,11456
1659440941.759522,11473
1659440941.803955,11506
1659440941.848388,11523
1659440941.892821,11561
1659440941.931785,11588
1659440941.970749,11629
1659440942.009713,11656
1659440942.051241,11707
1659440942.092769,11716
1659440942.130708,11627
1659440942.168646,11522
1659440942.206585,11444
1659440942.245891,11407
1659440942.285197,11402
1659440942.324503,11412
1659440942.366031,11436
1659440942.407558,11458
1659440942.445497,11454
1659440942.483436,11441
1659440942.521375,11447
1659440942.562903,11478
1659440942.60443,11510
1659440942.643053,11544
1659440942.681675,11578
1659440942.720298,11617
1659440942.759262,11642
1659440942.798226,11672
1659440942.83719,11667
1659440942.878718,11586
1659440942.920245,11473
1659440942.95921,11413
1659440942.998174,11406
1659440943.037138,11428
1659440943.078153,11460
1659440943.119168,11497
1659440943.158816,11511
1659440943.198463,11524
1659440943.238111,11524
1659440943.280152,11546
1659440943.322192,11583
1659440943.365941,11622
1659440943.409691,11657
1659440943.45344,11692
1659440943.486764,11726
1659440943.520089,11692
1659440943.564522,11568
1659440943.608955,11439
1659440943.653388,11360
1659440943.692352,11348
1659440943.731316,11337
1659440943.77028,11354
1659440943.811808,11384
1659440943.853336,11410
1659440943.892642,11411
1659440943.931948,11438
1659440943.971254,11442
1659440944.012269,11475
1659440944.053283,11508
1659440944.09259,11537
1659440944.131896,11576
1659440944.171201,11619
1659440944.210508,11650
1659440944.249814,11623
1659440944.289119,11491
1659440944.330134,11362
1659440944.37115,11276
1659440944.409772,11241
1659440944.448394,11216
1659440944.487017,11221
1659440944.525297,11254
1659440944.563578,11276
1659440944.601859,11300
1659440944.643899,11314
1659440944.685939,11336
1659440944.724562,11365
1659440944.763184,11417
1659440944.801806,11455
1659440944.842821,11516
1659440944.883836,11575
1659440944.928269,11613
1659440944.972702,11655
1659440945.017135,11621
1659440945.050972,11500
1659440945.08481,11366
1659440945.129584,11307
1659440945.174359,11286
1659440945.219134,11295
1659440945.252458,11323
1659440945.285783,11360
1659440945.329532,11392
1659440945.373281,11416
1659440945.417031,11420
1659440945.455653,11447
1659440945.494276,11474
1659440945.532898,11507
1659440945.574938,11549
1659440945.616979,11579
1659440945.655601,11626
1659440945.694223,11609
1659440945.732846,11499
1659440945.773861,11370
1659440945.814876,11311
1659440945.85384,11270
1659440945.892804,11266
1659440945.931768,11301
1659440945.970049,11332
1659440946.00833,11367
1659440946.04661,11383
1659440946.088651,11403
1659440946.130691,11439
1659440946.169997,11496
1659440946.209303,11531
1659440946.248609,11577
1659440946.289624,11638
1659440946.330639,11694
1659440946.369603,11745
1659440946.408567,11774
1659440946.447531,11692
1659440946.490597,11565
1659440946.533663,11464
1659440946.575191,11410
1659440946.616718,11393
1659440946.658246,11401
1659440946.699774,11433
1659440946.738738,11476
1659440946.777702,11510
1659440946.816666,11531
1659440946.855289,11558
1659440946.893911,11601
1659440946.932533,11638
1659440946.973036,11688
1659440947.013538,11744
1659440947.052502,11789
1659440947.091466,11836
1659440947.13043,11891
1659440947.172983,11897
1659440947.215537,11800
1659440947.254159,11679
1659440947.292781,11596
1659440947.331404,11565
1659440947.373444,11557
1659440947.415484,11571
1659440947.45479,11605
1659440947.494097,11645
1659440947.533402,11668
1659440947.57493,11684
1659440947.616458,11719
1659440947.655422,11753
1659440947.694386,11810
1659440947.73335,11846
1659440947.774878,11897
1659440947.816406,11952
1659440947.860497,12000
1659440947.904588,12024
1659440947.948679,11953
1659440947.987301,11827
1659440948.025924,11735
1659440948.064546,11698
1659440948.107099,11670
1659440948.149652,11692
1659440948.187591,11718
1659440948.22553,11736
1659440948.263469,11750
1659440948.302091,11760
1659440948.340714,11782
1659440948.379336,11811
1659440948.421376,11861
1659440948.463417,11899
1659440948.502039,11943
1659440948.540661,11998
1659440948.579284,12032
1659440948.621324,11953
1659440948.663364,11796
1659440948.702329,11674
1659440948.741293,11606
1659440948.780257,11575
1659440948.818879,11574
1659440948.857502,11588
1659440948.896124,11615
1659440948.936626,11626
1659440948.977129,11639
1659440949.016777,11635
1659440949.056424,11662
1659440949.096072,11689
1659440949.137087,11734
1659440949.178102,11778
1659440949.216724,11821
1659440949.255347,11881
1659440949.293969,11932
1659440949.335497,11967
1659440949.377025,11919
1659440949.421799,11757
1659440949.466574,11614
1659440949.511348,11531
1659440949.550313,11497
1659440949.589277,11485
1659440949.628241,11503
1659440949.670281,11532
1659440949.712322,11559
1659440949.751286,11568
1659440949.79025,11578
1659440949.829215,11600
1659440949.870742,11642
1659440949.91227,11679
1659440949.951576,11731
1659440949.990882,11762
1659440950.030188,11800
1659440950.071715,11820
1659440950.113243,11712
1659440950.151524,11531
1659440950.189804,11405
1659440950.228085,11349
1659440950.266707,11322
1659440950.30533,11328
1659440950.343952,11349
1659440950.385993,11380
1659440950.428033,11412
1659440950.466655,11426
1659440950.505278,11455
1659440950.5439,11483
1659440950.582522,11529
1659440950.621145,11568
1659440950.659767,11632
1659440950.70232,11664
1659440950.744873,11689
1659440950.786914,11714
1659440950.828954,11732
1659440950.867235,11681
1659440950.905515,11486
1659440950.943796,11328
1659440950.98857,11227
1659440951.033345,11198
1659440951.07812,11184
1659440951.110932,11203
1659440951.143744,11248
1659440951.187493,11279
1659440951.231242,11295
1659440951.274992,11275
1659440951.315186,11270
1659440951.355381,11281
1659440951.395576,11302
1659440951.43577,11332
1659440951.475965,11358
1659440951.513904,11392
1659440951.551842,11431
1659440951.589781,11479
1659440951.631822,11489
1659440951.673862,11383
1659440951.713168,11200
1659440951.752474,11050
1659440951.79178,10980
1659440951.830061,10952
1659440951.868341,10957
1659440951.906622,10992
1659440951.94627,11061
1659440951.985918,11094
1659440952.025565,11113
1659440952.06658,11123
1659440952.107595,11131
1659440952.146218,11160
1659440952.18484,11199
1659440952.223462,11249
1659440952.268237,11323
1659440952.313012,11391
1659440952.357786,11445
1659440952.398801,11507
1659440952.439816,11522
1659440952.478439,11391
1659440952.517061,11233
1659440952.555684,11145
1659440952.597724,11129
1659440952.639764,11156
1659440952.678387,11190
1659440952.717009,11247
1659440952.755631,11288
1659440952.794596,11337
1659440952.83356,11352
1659440952.872524,11372
1659440952.914564,11430
1659440952.956605,11484
1659440952.995911,11542
1659440953.035217,11593
1659440953.074523,11632
1659440953.115538,11663
1659440953.156553,11688
1659440953.195859,11716
1659440953.235165,11687
1659440953.274471,11565
1659440953.313093,11419
1659440953.351715,11365
1659440953.390338,11353
1659440953.432378,11360
1659440953.474418,11415
1659440953.512699,11449
1659440953.55098,11483
1659440953.58926,11506
1659440953.633693,11542
1659440953.678126,11572
1659440953.722559,11605
1659440953.76084,11661
1659440953.79912,11706
1659440953.837401,11758
1659440953.879441,11797
1659440953.921482,11838
1659440953.960104,11885
1659440953.998726,11874
1659440954.037349,11750
1659440954.076313,11629
1659440954.115277,11567
1659440954.154241,11557
1659440954.195769,11575
1659440954.237297,11587
1659440954.276261,11619
1659440954.315225,11652
1659440954.354189,11679
1659440954.395204,11718
1659440954.436219,11772
1659440954.475525,11839
1659440954.514831,11884
1659440954.554137,11941
1659440954.59464,11987
1659440954.635142,12040
1659440954.674106,12086
1659440954.71307,12061
1659440954.752034,11951
1659440954.795784,11836
1659440954.839533,11782
1659440954.883282,11781
1659440954.922246,11819
1659440954.96121,11871
1659440955.000175,11909
1659440955.042215,11942
1659440955.084255,11958
1659440955.12322,11997
1659440955.162184,12029
1659440955.201148,12061
1659440955.242676,12112
1659440955.284203,12168
1659440955.323509,12224
1659440955.362815,12261
1659440955.402121,12202
1659440955.440744,12060
1659440955.479366,11958
1659440955.517989,11916
1659440955.560542,11929
1659440955.603095,11972
1659440955.641717,12013
1659440955.68034,12048
1659440955.718962,12052
1659440955.757242,12061
1659440955.795523,12082
1659440955.833804,12114
1659440955.875844,12139
1659440955.917884,12179
1659440955.961976,12227
1659440956.006067,12242
1659440956.050158,12141
1659440956.089122,11964
1659440956.128086,11860
1659440956.16705,11819
1659440956.206698,11824
1659440956.246346,11861
1659440956.285994,11897
1659440956.327008,11927
1659440956.368024,11923
1659440956.406646,11917
1659440956.445268,11943
1659440956.483891,11934
1659440956.526444,11903
1659440956.568997,11822
1659440956.608303,11739
1659440956.647609,11732
1659440956.686915,11775
1659440956.725537,11837
1659440956.76416,11894
1659440956.802782,11927
1659440956.843797,11929
1659440956.884812,11946
1659440956.923093,11941
1659440956.961373,11927
1659440956.999654,11899
1659440957.041182,11908
1659440957.082709,11945
1659440957.121673,11993
1659440957.160638,12054
1659440957.199602,12081
1659440957.241129,12104
1659440957.282657,12030
1659440957.32128,11809
1659440957.359902,11614
1659440957.398524,11498
1659440957.440565,11453
1659440957.482605,11463
1659440957.52738,11503
1659440957.572154,11530
1659440957.616929,11535
1659440957.65521,11523
1659440957.69349,11513
1659440957.731771,11525
1659440957.773299,11541
1659440957.814826,11568
1659440957.853107,11598
1659440957.891387,11621
1659440957.929668,11548
1659440957.967948,11363
1659440958.006229,11206
1659440958.04451,11133
1659440958.087063,11142
1659440958.129616,11169
1659440958.168238,11201
1659440958.206861,11248
1659440958.245483,11270
1659440958.284106,11284
1659440958.322728,11306
1659440958.36135,11329
1659440958.403391,11371
1659440958.445431,11422
1659440958.484395,11474
1659440958.523359,11454
1659440958.562324,11315
1659440958.607098,11139
1659440958.651873,11065
1659440958.696648,11059
1659440958.729972,11085
1659440958.763297,11149
1659440958.808072,11208
1659440958.852846,11246
1659440958.897621,11276
1659440958.930433,11302
1659440958.963245,11334
1659440959.007336,11378
1659440959.051427,11436
1659440959.095518,11495
1659440959.134824,11530
1659440959.17413,11438
1659440959.213436,11254
1659440959.254964,11150
1659440959.296491,11129
1659440959.335114,11149
1659440959.373736,11210
1659440959.412359,11268
1659440959.454399,11305
1659440959.496439,11326
1659440959.535403,11332
1659440959.574368,11352
1659440959.613332,11406
1659440959.652296,11453
1659440959.69126,11509
1659440959.730224,11542
1659440959.772265,11442
1659440959.814305,11265
1659440959.853269,11153
1659440959.892233,11124
1659440959.931198,11138
1659440959.972725,11181
1659440960.014253,11230
1659440960.053217,11263
1659440960.092181,11292
1659440960.131145,11292
1659440960.171648,11313
1659440960.21215,11351
1659440960.250089,11407
1659440960.288028,11471
1659440960.325967,11558
1659440960.370058,11560
1659440960.414149,11442
1659440960.45824,11303
1659440960.500793,11254
1659440960.543346,11246
1659440960.581968,11260
1659440960.620591,11316
1659440960.659213,11386
1659440960.700741,11435
1659440960.742268,11439
1659440960.781574,11447
1659440960.82088,11482
1659440960.860186,11513
1659440960.898467,11572
1659440960.936748,11624
1659440960.975028,11685
1659440961.017581,11664
1659440961.060134,11494
1659440961.099098,11329
1659440961.138063,11268
1659440961.177027,11265
1659440961.217529,11282
1659440961.258031,11338
1659440961.296654,11422
1659440961.335276,11484
1659440961.373899,11512
1659440961.412521,11548
1659440961.451144,11585
1659440961.489766,11633
1659440961.531294,11713
1659440961.572821,11795
1659440961.611785,11861
1659440961.65075,11813
1659440961.689714,11682
1659440961.731754,11617
1659440961.773794,11606
1659440961.812417,11630
1659440961.851039,11682
1659440961.889662,11771
1659440961.932215,11852
1659440961.974768,11883
1659440962.019542,11912
1659440962.064317,11946
1659440962.109092,12008
1659440962.141904,12080
1659440962.174716,12150
1659440962.218807,12229
1659440962.262898,12301
1659440962.306989,12357
1659440962.346295,12382
1659440962.385601,12273
1659440962.424907,12111
1659440962.463871,11993
1659440962.502835,11940
1659440962.5418,11912
1659440962.583327,11927
1659440962.624855,11947
1659440962.663819,11972
1659440962.702783,11980
1659440962.741747,11995
1659440962.78037,12041
1659440962.818992,12089
1659440962.857615,12149
1659440962.899142,12191
1659440962.94067,12255
1659440962.979976,12310
1659440963.019282,12360
1659440963.058588,12401
1659440963.099603,12356
1659440963.140618,12201
1659440963.179582,12035
1659440963.218546,11939
1659440963.25751,11896
1659440963.299551,11880
1659440963.341591,11896
1659440963.380213,11957
1659440963.418836,12033
1659440963.457458,12064
1659440963.497448,12114
1659440963.537437,12152
1659440963.58187,12209
1659440963.626303,12271
1659440963.670736,12329
1659440963.708675,12389
1659440963.746614,12448
1659440963.784553,12503
1659440963.826593,12532
1659440963.868633,12451
1659440963.907598,12274
1659440963.946562,12150
1659440963.985526,12102
1659440964.02449,12083
1659440964.063454,12096
1659440964.102418,12149
1659440964.143434,12185
1659440964.184448,12173
1659440964.223413,12178
1659440964.262377,12200
1659440964.301341,12229
1659440964.340305,12280
1659440964.379269,12339
1659440964.418234,12393
1659440964.459761,12454
1659440964.501289,12509
1659440964.53957,12526
1659440964.57785,12430
1659440964.616131,12221
1659440964.658171,12048
1659440964.700212,11977
1659440964.738492,11959
1659440964.776773,11982
1659440964.815053,12047
1659440964.857094,12088
1659440964.899134,12116
1659440964.943909,12147
1659440964.988683,12188
1659440965.033458,12239
1659440965.071397,12302
1659440965.109336,12341
1659440965.147274,12367
1659440965.185213,12389
1659440965.226741,12429
1659440965.268269,12493
1659440965.307575,12500
1659440965.346881,12382
1659440965.386187,12192
1659440965.424467,12046
1659440965.462748,11995
1659440965.501029,11977
1659440965.543581,12011
1659440965.586134,12050
1659440965.625099,12096
1659440965.664063,12109
1659440965.703027,12123
1659440965.743529,12151
1659440965.784032,12197
1659440965.828123,12255
1659440965.872214,12317
1659440965.916305,12374
1659440965.950655,12434
1659440965.985005,12503
1659440966.029096,12518
1659440966.073187,12415
1659440966.117278,12244
1659440966.1559,12095
1659440966.194523,12023
1659440966.233145,12016
1659440966.275698,12050
1659440966.318251,12108
1659440966.356874,12139
1659440966.395496,12158
1659440966.434119,12160
1659440966.475646,12197
1659440966.517174,12237
1659440966.556822,12292
1659440966.596469,12350
1659440966.636117,12402
1659440966.674056,12450
1659440966.711995,12503
1659440966.749934,12518
1659440966.790949,12403
1659440966.831964,12203
1659440966.870244,12059
1659440966.908525,12001
1659440966.946805,11992
1659440966.988846,12015
1659440967.030886,12081
1659440967.069167,12113
1659440967.107447,12138
1659440967.145728,12152
1659440967.187768,12166
1659440967.229809,12205
1659440967.268431,12250
1659440967.307054,12306
1659440967.345676,12357
1659440967.386691,12423
1659440967.427706,12449
1659440967.468721,12330
1659440967.509736,12135
1659440967.550751,11984
1659440967.591766,11921
1659440967.632781,11912
1659440967.673796,11940
1659440967.714811,11998
1659440967.755826,12052
1659440967.79684,12063
1659440967.837123,12085
1659440967.877406,12115
1659440967.917688,12146
1659440967.957971,12205
1659440967.998253,12241
1659440968.038536,12303
1659440968.078818,12369
1659440968.117783,12392
1659440968.156747,12271
1659440968.195711,12060
1659440968.234675,11887
1659440968.273639,11805
1659440968.312603,11775
1659440968.354644,11810
1659440968.396684,11898
1659440968.43599,12003
1659440968.475296,12088
1659440968.514602,12162
1659440968.553908,12249
1659440968.593214,12328
1659440968.63252,12422
1659440968.673535,12510
1659440968.71455,12608
1659440968.75659,12689
1659440968.798631,12778
1659440968.837937,12840
1659440968.877243,12787
1659440968.916549,12584
1659440968.96064,12372
1659440969.004731,12251
1659440969.048822,12203
1659440969.081634,12196
1659440969.114446,12223
1659440969.158879,12264
1659440969.203312,12292
1659440969.247745,12296
1659440969.281582,12307
1659440969.315419,12325
1659440969.359169,12363
1659440969.402918,12420
1659440969.446667,12465
1659440969.485289,12519
1659440969.523912,12571
1659440969.562534,12627
1659440969.604062,12673
1659440969.64559,12703
1659440969.684554,12571
1659440969.723518,12329
1659440969.762482,12134
1659440969.801446,12031
1659440969.840411,11977
1659440969.879375,11972
1659440969.921415,11994
1659440969.963455,12027
1659440970.001394,12060
1659440970.039333,12056
1659440970.077272,12070
1659440970.1188,12105
1659440970.160327,12139
1659440970.198608,12188
1659440970.236888,12243
1659440970.275169,12301
1659440970.316697,12358
1659440970.358224,12414
1659440970.397189,12417
1659440970.436153,12271
1659440970.475117,12061
1659440970.517157,11921
1659440970.559198,11866
1659440970.597478,11852
1659440970.635759,11886
1659440970.67404,11943
1659440970.718814,11984
1659440970.763589,11996
1659440970.808363,12000
1659440970.842201,12024
1659440970.876038,12065
1659440970.920471,12115
1659440970.964904,12166
1659440971.009337,12220
1659440971.050352,12293
1659440971.091367,12334
1659440971.130331,12234
1659440971.169295,12017
1659440971.208259,11828
1659440971.246882,11721
1659440971.285504,11699
1659440971.324126,11712
1659440971.365654,11759
1659440971.407182,11817
1659440971.446146,11845
1659440971.48511,11855
1659440971.524075,11885
1659440971.562697,11917
1659440971.601319,11963
1659440971.639942,12024
1659440971.682495,12096
1659440971.725048,12157
1659440971.764354,12216
1659440971.80366,12205
1659440971.842966,11997
1659440971.883981,11768
1659440971.924996,11589
1659440971.96396,11531
1659440972.002924,11512
1659440972.041888,11532
1659440972.084441,11576
1659440972.126994,11620
1659440972.165617,11633
1659440972.204239,11613
1659440972.242862,11614
1659440972.283876,11653
1659440972.324891,11702
1659440972.369666,11757
1659440972.414441,11788
1659440972.459215,11806
1659440972.492027,11723
1659440972.524839,11512
1659440972.56893,11298
1659440972.613022,11200
1659440972.657113,11176
1659440972.695735,11219
1659440972.734357,11270
1659440972.77298,11279
1659440972.814507,11294
1659440972.856035,11278
1659440972.893461,11283
1659440972.930887,11311
1659440972.968313,11371
1659440973.00574,11425
1659440973.04778,11481
1659440973.08982,11504
1659440973.128443,11422
1659440973.167065,11165
1659440973.205688,10921
1659440973.247215,10801
1659440973.288743,10758
1659440973.327365,10760
1659440973.365988,10797
1659440973.40461,10834
1659440973.448359,10867
1659440973.492109,10887
1659440973.535858,10909
1659440973.56867,10917
1659440973.601482,10934
1659440973.645573,10975
1659440973.689664,11049
1659440973.733755,11108
1659440973.767592,11072
1659440973.80143,10885
1659440973.845521,10729
1659440973.889612,10665
1659440973.933703,10654
1659440973.973009,10670
1659440974.012315,10715
1659440974.051621,10762
1659440974.093149,10786
1659440974.134676,10806
1659440974.173982,10830
1659440974.213288,10873
1659440974.252594,10939
1659440974.294635,11024
1659440974.336675,11107
1659440974.375639,11194
1659440974.414603,11221
1659440974.453568,11100
1659440974.491848,10886
1659440974.530129,10772
1659440974.568409,10759
1659440974.61045,10773
1659440974.65249,10839
1659440974.691796,10913
1659440974.731102,10942
1659440974.770408,10965
1659440974.81091,11002
1659440974.851413,11044
1659440974.890035,11112
1659440974.928658,11195
1659440974.96728,11295
1659440975.010345,11400
1659440975.053411,11509
1659440975.092034,11515
1659440975.130656,11374
1659440975.169279,11270
1659440975.210294,11219
1659440975.251308,11253
1659440975.296083,11312
1659440975.340858,11377
1659440975.385633,11458
1659440975.424597,11516
1659440975.463561,11563
1659440975.502525,11634
1659440975.544565,11731
1659440975.586606,11819
1659440975.62557,11908
1659440975.664534,11984
1659440975.703498,12032
1659440975.741779,12033
1659440975.78006,11898
1659440975.81834,11763
1659440975.858842,11701
1659440975.899345,11690
1659440975.938651,11721
1659440975.977957,11792
1659440976.017263,11856
1659440976.05879,11896
1659440976.100318,11931
1659440976.138599,11960
1659440976.176879,12007
1659440976.21516,12065
1659440976.254466,12110
1659440976.293772,12171
1659440976.333078,12227
1659440976.374605,12206
1659440976.416133,12053
1659440976.454756,11912
1659440976.493378,11819
1659440976.532,11786
1659440976.574553,11788
1659440976.617106,11829
1659440976.655729,11873
1659440976.694351,11904
1659440976.732974,11924
1659440976.773476,11941
1659440976.813978,11977
1659440976.858411,12024
1659440976.902844,12084
1659440976.947277,12135
1659440976.980601,12184
1659440977.013926,12225
1659440977.057675,12171
1659440977.101425,11977
1659440977.145174,11808
1659440977.184822,11707
1659440977.224469,11666
1659440977.264117,11649
1659440977.305645,11676
1659440977.347172,11728
1659440977.385795,11773
1659440977.424417,11790
1659440977.46304,11802
1659440977.502688,11843
1659440977.542336,11888
1659440977.581983,11946
1659440977.624023,12009
1659440977.666064,12067
1659440977.704345,12105
1659440977.742625,12152
1659440977.780906,12128
1659440977.819528,11975
1659440977.85815,11733
1659440977.896773,11587
1659440977.939326,11535
1659440977.981879,11521
1659440978.020501,11525
1659440978.059124,11565
1659440978.097746,11599
1659440978.138761,11611
1659440978.179776,11599
1659440978.221817,11603
1659440978.263857,11599
1659440978.303163,11597
1659440978.342469,11631
1659440978.381775,11686
1659440978.426208,11741
1659440978.47064,11772
1659440978.515073,11660
1659440978.548398,11472
1659440978.581723,11363
1659440978.626156,11317
1659440978.670588,11297
1659440978.715021,11285
1659440978.753985,11314
1659440978.79295,11362
1659440978.831914,11402
1659440978.874467,11432
1659440978.91702,11469
1659440978.955301,11514
1659440978.993581,11577
1659440979.031862,11650
1659440979.072364,11705
1659440979.112866,11755
1659440979.151489,11769
1659440979.190111,11643
1659440979.228734,11432
1659440979.267698,11277
1659440979.306662,11210
1659440979.345626,11163
1659440979.387154,11180
1659440979.428682,11221
1659440979.467304,11266
1659440979.505926,11315
1659440979.544549,11339
1659440979.586589,11366
1659440979.628629,11416
1659440979.667252,11463
1659440979.705874,11525
1659440979.744497,11595
1659440979.786537,11643
1659440979.828577,11683
1659440979.868225,11728
1659440979.907873,11668
1659440979.947521,11480
1659440979.988023,11322
1659440980.028525,11259
1659440980.066806,11245
1659440980.105087,11275
1659440980.143367,11329
1659440980.1878,11396
1659440980.232233,11447
1659440980.276666,11467
1659440980.30999,11488
1659440980.343315,11533
1659440980.387406,11559
1659440980.431497,11615
1659440980.475588,11671
1659440980.517628,11719
1659440980.559669,11773
1659440980.598633,11820
1659440980.637597,11786
1659440980.676562,11617
1659440980.715184,11442
1659440980.753806,11366
1659440980.792429,11350
1659440980.835495,11363
1659440980.87856,11390
1659440980.917524,11426
1659440980.956489,11458
1659440980.995453,11467
1659440981.034075,11493
1659440981.072698,11528
1659440981.11132,11572
1659440981.152335,11640
1659440981.19335,11707
1659440981.232314,11781
1659440981.271278,11860
1659440981.310242,11896
1659440981.351258,11788
1659440981.392272,11586
1659440981.431237,11436
1659440981.470201,11385
1659440981.509165,11393
1659440981.550693,11447
1659440981.59222,11533
1659440981.631185,11594
1659440981.670149,11628
1659440981.709113,11646
1659440981.751153,11668
1659440981.793194,11717
1659440981.831816,11766
1659440981.870438,11836
1659440981.909061,11884
1659440981.953152,11938
1659440981.997243,11979
1659440982.041334,11854
1659440982.083375,11661
1659440982.125415,11531
1659440982.164721,11488
1659440982.204027,11511
1659440982.243333,11560
1659440982.281613,11616
1659440982.319894,11659
1659440982.358175,11659
1659440982.399189,11670
1659440982.440205,11696
1659440982.478827,11726
1659440982.517449,11780
1659440982.556072,11846
1659440982.594352,11893
1659440982.632633,11900
1659440982.670914,11747
1659440982.712954,11537
1659440982.754994,11410
1659440982.793617,11364
1659440982.832239,11371
1659440982.870862,11416
1659440982.912389,11479
1659440982.953917,11510
1659440982.992881,11518
1659440983.031845,11537
1659440983.070809,11573
1659440983.11285,11618
1659440983.15489,11677
1659440983.194196,11737
1659440983.233502,11790
1659440983.272808,11705
1659440983.31331,11469
1659440983.353813,11302
1659440983.398587,11224
1659440983.443362,11201
1659440983.488137,11215
1659440983.526417,11275
1659440983.564698,11348
1659440983.602978,11397
1659440983.645019,11422
1659440983.687059,11461
1659440983.726023,11519
1659440983.764987,11592
1659440983.803952,11654
1659440983.845479,11727
1659440983.887007,11775
1659440983.925971,11659
1659440983.964936,11427
1659440984.0039,11265
1659440984.043206,11159
1659440984.082512,11119
1659440984.121818,11127
1659440984.163858,11173
1659440984.205898,11237
1659440984.244863,11274
1659440984.283827,11300
1659440984.322791,11332
1659440984.363806,11392
1659440984.404821,11432
1659440984.443785,11426
1659440984.482749,11380
1659440984.521713,11401
1659440984.560336,11503
1659440984.598958,11596
1659440984.637581,11666
1659440984.679108,11707
1659440984.720636,11733
1659440984.7596,11758
1659440984.798564,11815
1659440984.837528,11875
1659440984.878544,11931
1659440984.919559,11999
1659440984.963991,12050
1659440985.008424,12121
1659440985.052857,12160
1659440985.087207,12198
1659440985.121557,12242
1659440985.165648,12304
1659440985.209739,12322
1659440985.25383,12146
1659440985.292453,11900
1659440985.331075,11777
1659440985.369698,11760
1659440985.411225,11795
1659440985.452753,11843
1659440985.491717,11886
1659440985.530681,11889
1659440985.569645,11893
1659440985.610148,11930
1659440985.65065,12001
1659440985.689956,12070
1659440985.729262,12132
1659440985.768568,12180
1659440985.806507,12207
1659440985.844446,12089
1659440985.882385,11849
1659440985.924425,11649
1659440985.966465,11564
1659440986.00543,11554
1659440986.044394,11586
1659440986.083358,11648
1659440986.124886,11684
1659440986.166413,11706
1659440986.205377,11726
1659440986.244342,11747
1659440986.283306,11746
1659440986.325859,11763
1659440986.368412,11783
1659440986.407034,11763
1659440986.445657,11568
1659440986.484279,11290
1659440986.526319,11066
1659440986.56836,10961
1659440986.606982,10921
1659440986.645604,10944
1659440986.684227,10990
1659440986.72866,11040
1659440986.773093,11065
1659440986.817525,11066
1659440986.85085,11048
1659440986.884175,11046
1659440986.928608,11072
1659440986.973041,11105
1659440987.017473,11103
1659440987.049773,10927
1659440987.082072,10684
1659440987.126847,10557
1659440987.171621,10505
1659440987.216396,10486
1659440987.255702,10521
1659440987.295008,10568
1659440987.334314,10596
1659440987.376867,10624
1659440987.41942,10655
1659440987.458042,10710
1659440987.496665,10773
1659440987.535287,10801
1659440987.577327,10786
1659440987.619368,10823
1659440987.65799,10919
1659440987.696613,11040
1659440987.735235,11113
1659440987.773516,11111
1659440987.811796,11080
1659440987.850077,11083
1659440987.892117,11104
1659440987.934158,11160
1659440987.97278,11219
1659440988.011402,11288
1659440988.050025,11344
1659440988.089809,11404
1659440988.129594,11458
1659440988.169378,11506
1659440988.209163,11561
1659440988.248947,11617
1659440988.290475,11675
1659440988.332003,11596
1659440988.371309,11315
1659440988.410615,11068
1659440988.449921,10917
1659440988.490936,10857
1659440988.53195,10863
1659440988.576383,10905
1659440988.620816,10946
1659440988.665249,10970
1659440988.699086,10982
1659440988.732924,11007
1659440988.774451,11023
1659440988.815979,11065
1659440988.857507,11099
1659440988.899035,11146
1659440988.937999,11172
1659440988.976963,11073
1659440989.015927,10875
1659440989.054208,10729
1659440989.092488,10691
1659440989.130769,10687
1659440989.171784,10720
1659440989.212799,10780
1659440989.255352,10826
1659440989.297905,10843
1659440989.336527,10850
1659440989.37515,10885
1659440989.413772,10919
1659440989.457863,10982
1659440989.501954,11040
1659440989.546045,11100
1659440989.579883,11056
1659440989.61372,10860
1659440989.658495,10693
1659440989.703269,10627
1659440989.748044,10626
1659440989.780856,10658
1659440989.813668,10744
1659440989.858784,10781
1659440989.903901,10799
1659440989.949017,10827
1659440989.990545,10852
1659440990.032073,10895
1659440990.070695,10947
1659440990.109317,11012
1659440990.14794,11074
1659440990.186904,11072
1659440990.225868,10907
1659440990.264832,10712
1659440990.306873,10622
1659440990.348913,10592
1659440990.386852,10598
1659440990.424791,10636
1659440990.462729,10699
1659440990.502377,10733
1659440990.542025,10750
1659440990.581673,10770
1659440990.623201,10805
1659440990.664728,10862
1659440990.703009,10932
1659440990.741289,10976
1659440990.77957,11044
1659440990.822123,11065
1659440990.864676,10948
1659440990.90364,10736
1659440990.942605,10583
1659440990.981569,10510
1659440991.022071,10500
1659440991.062573,10538
1659440991.101196,10640
1659440991.139818,10706
1659440991.178441,10722
1659440991.220481,10757
1659440991.262521,10809
1659440991.300802,10859
1659440991.339082,10908
1659440991.377363,10949
1659440991.421796,10981
1659440991.466229,11012
1659440991.510662,11044
1659440991.552702,10954
1659440991.594742,10717
1659440991.633023,10547
1659440991.671304,10475
1659440991.709584,10439
1659440991.751625,10453
1659440991.793665,10507
1659440991.832287,10573
1659440991.87091,10626
1659440991.909532,10696
1659440991.948154,10806
1659440991.986777,10923
1659440992.025399,11032
1659440992.066414,11130
1659440992.107429,11210
1659440992.147077,11265
1659440992.186725,11308
1659440992.226372,11340
1659440992.264653,11351
1659440992.302934,11264
1659440992.341214,11073
1659440992.381717,10937
1659440992.422219,10854
1659440992.461183,10815
1659440992.500147,10825
1659440992.539112,10858
1659440992.581152,10942
1659440992.623192,11028
1659440992.661815,11084
1659440992.700437,11152
1659440992.739059,11275
1659440992.780587,11378
1659440992.822115,11480
1659440992.866889,11565
1659440992.911664,11649
1659440992.956439,11724
1659440992.990276,11790
1659440993.024113,11872
1659440993.068888,11902
1659440993.113663,11798
1659440993.158437,11582
1659440993.197402,11449
1659440993.236366,11384
1659440993.27533,11360
1659440993.316345,11342
1659440993.35736,11357
1659440993.396324,11359
1659440993.435288,11348
1659440993.474252,11346
1659440993.512875,11343
1659440993.551497,11352
1659440993.59012,11382
1659440993.6284,11410
1659440993.666681,11441
1659440993.704962,11485
1659440993.747002,11521
1659440993.789042,11558
1659440993.828348,11587
1659440993.867654,11521
1659440993.90696,11372
1659440993.947975,11247
1659440993.98899,11200
1659440994.030774,11203
1659440994.072558,11239
1659440994.114342,11274
1659440994.156126,11308
1659440994.195432,11327
1659440994.234738,11338
1659440994.274044,11345
1659440994.315572,11385
1659440994.3571,11425
1659440994.396064,11478
1659440994.435028,11522
1659440994.473992,11553
1659440994.514494,11574
1659440994.554996,11601
1659440994.592935,11616
1659440994.630874,11548
1659440994.668813,11355
1659440994.707777,11196
1659440994.746742,11108
1659440994.785706,11063
1659440994.827746,11034
1659440994.869786,11054
1659440994.908067,11070
1659440994.946348,11065
1659440994.984628,11070
1659440995.026669,11065
1659440995.068709,11079
1659440995.113142,11118
1659440995.157575,11147
1659440995.202008,11193
1659440995.234819,11227
1659440995.267632,11273
1659440995.312064,11303
1659440995.356497,11338
1659440995.40093,11276
1659440995.434255,11107
1659440995.467579,10945
1659440995.51167,10835
1659440995.555762,10799
1659440995.599853,10765
1659440995.638817,10769
1659440995.677781,10788
1659440995.716745,10796
1659440995.759298,10798
1659440995.801851,10844
1659440995.840132,10886
1659440995.878412,10950
1659440995.916693,11008
1659440995.955657,11058
1659440995.994622,11132
1659440996.033586,11178
1659440996.075626,11233
1659440996.117666,11331
1659440996.155947,11289
1659440996.194228,11139
1659440996.232508,11044
1659440996.275061,11020
1659440996.317614,11015
1659440996.35692,11037
1659440996.396226,11093
1659440996.435532,11141
1659440996.474496,11185
1659440996.513461,11215
1659440996.552425,11229
1659440996.592927,11255
1659440996.633429,11342
1659440996.675982,11417
1659440996.718535,11506
1659440996.757158,11576
1659440996.79578,11612
1659440996.834403,11524
1659440996.878835,11351
1659440996.923268,11215
1659440996.967701,11168
1659440997.0,11166
1659440997.0323,11186
1659440997.077075,11234
1659440997.121849,11280
1659440997.166624,11296
1659440997.199949,11306
1659440997.233273,11330
1659440997.278048,11359
1659440997.322822,11420
1659440997.367597,11475
1659440997.406219,11533
1659440997.444842,11596
1659440997.483464,11627
1659440997.524992,11504
1659440997.566519,11347
1659440997.605826,11241
1659440997.645132,11200
1659440997.684438,11203
1659440997.72306,11221
1659440997.761683,11276
1659440997.800305,11336
1659440997.840807,11376
1659440997.881309,11395
1659440997.919932,11427
1659440997.958554,11436
1659440997.997177,11471
1659440998.039217,11522
1659440998.081257,11575
1659440998.11988,11636
1659440998.158502,11697
1659440998.197124,11710
1659440998.238139,11570
1659440998.279155,11398
1659440998.318802,11291
1659440998.35845,11236
1659440998.398098,11228
1659440998.441847,11242
1659440998.485596,11293
1659440998.529346,11324
1659440998.56267,11353
1659440998.595995,11371
1659440998.640428,11408
1659440998.684861,11457
1659440998.729294,11508
1659440998.762618,11584
1659440998.795943,11687
1659440998.839692,11808
1659440998.883441,11899
1659440998.927191,11975
1659440998.966497,12030
1659440999.005803,11949
1659440999.045109,11845
1659440999.087149,11774
1659440999.129189,11729
1659440999.16747,11701
1659440999.205751,11786
1659440999.244031,11918
1659440999.283337,12028
1659440999.322643,12100
1659440999.361949,12173
1659440999.403477,12246
1659440999.445004,12332
1659440999.483285,12406
1659440999.521566,12477
1659440999.559846,12572
1659440999.602912,12640
1659440999.645978,12623
1659440999.684942,12495
1659440999.723906,12348
1659440999.76287,12262
1659440999.803885,12212
1659440999.8449,12178
1659440999.883864,12154
1659440999.922829,12152
1659440999.961793,12136
1659441000.006226,12098
