LocalTimestamp,PI
1659521445.78391,173277
1659521445.825897,173332
1659521445.867882,173490
1659521445.906455,173822
1659521445.945028,173736
1659521445.9836,173711
1659521446.022856,173761
1659521446.062111,173596
1659521446.101366,173727
1659521446.14284,173677
1659521446.184314,173465
1659521446.222546,173216
1659521446.260777,172900
1659521446.299008,172713
1659521446.338264,172828
1659521446.377519,173023
1659521446.416774,173243
1659521446.45876,173446
1659521446.500746,173673
1659521446.538636,173610
1659521446.576526,173701
1659521446.614416,173816
1659521446.656402,173960
1659521446.698388,173829
1659521446.736961,173650
1659521446.775533,173522
1659521446.814106,173350
1659521446.85558,173149
1659521446.897054,172997
1659521446.936651,172793
1659521446.976247,172571
1659521447.015844,172354
1659521447.056806,172112
1659521447.097768,171872
1659521447.13873,171888
1659521447.179692,171928
1659521447.220654,172087
1659521447.261616,172286
1659521447.302578,172431
1659521447.34354,172544
1659521447.384502,172697
1659521447.424236,173030
1659521447.463969,173415
1659521447.503702,173113
1659521447.543435,172982
1659521447.583168,172798
1659521447.623106,172707
1659521447.663044,172631
1659521447.702982,172512
1659521447.74292,172490
1659521447.782858,172569
1659521447.826551,172828
1659521447.870244,172715
1659521447.913937,172709
1659521447.953192,172613
1659521447.992448,172583
1659521448.031703,172590
1659521448.070275,172483
1659521448.108848,172403
1659521448.147421,172292
1659521448.189407,172213
1659521448.231393,172221
1659521448.270648,172266
1659521448.309903,172256
1659521448.349159,172220
1659521448.390633,172130
1659521448.432107,172026
1659521448.47068,171836
1659521448.509252,171667
1659521448.547825,171563
1659521448.590323,171545
1659521448.632821,171499
1659521448.671393,171493
1659521448.709966,171515
1659521448.748539,171507
1659521448.78677,171548
1659521448.825001,171652
1659521448.863232,171672
1659521448.904194,171600
1659521448.945157,171578
1659521448.984412,171493
1659521449.023667,171397
1659521449.062922,171498
1659521449.103884,171583
1659521449.144846,171591
1659521449.18376,171650
1659521449.222674,171720
1659521449.261588,171662
1659521449.303062,171486
1659521449.344537,171286
1659521449.388912,171103
1659521449.433288,171016
1659521449.477663,171055
1659521449.515297,171309
1659521449.552931,171427
1659521449.590565,171336
1659521449.628199,171239
1659521449.667113,171244
1659521449.706027,171332
1659521449.744941,171398
1659521449.788633,171421
1659521449.832326,171417
1659521449.876019,171412
1659521449.909813,171395
1659521449.943606,171388
1659521449.987641,171436
1659521450.031675,171432
1659521450.075709,171394
1659521450.116671,171273
1659521450.157633,171096
1659521450.196888,170984
1659521450.236144,170910
1659521450.275399,170898
1659521450.314996,170949
1659521450.354592,171002
1659521450.394189,171070
1659521450.435663,171070
1659521450.477137,171097
1659521450.516051,171132
1659521450.554965,171224
1659521450.593879,171270
1659521450.636377,171249
1659521450.678875,171243
1659521450.717789,171240
1659521450.756703,171277
1659521450.795617,171298
1659521450.834531,171305
1659521450.873445,171265
1659521450.912359,171135
1659521450.954345,170932
1659521450.996331,170818
1659521451.034221,170781
1659521451.072111,170763
1659521451.110001,170795
1659521451.151987,170825
1659521451.193973,170883
1659521451.233228,170896
1659521451.272484,170855
1659521451.311739,170869
1659521451.352189,170892
1659521451.392639,170934
1659521451.431553,170971
1659521451.470467,171013
1659521451.509381,171065
1659521451.554098,171071
1659521451.598814,171098
1659521451.643532,171128
1659521451.685005,171158
1659521451.72648,171194
1659521451.764711,171172
1659521451.802942,171044
1659521451.841173,170824
1659521451.883672,170709
1659521451.92617,170653
1659521451.964401,170609
1659521452.002632,170619
1659521452.040863,170758
1659521452.079095,170965
1659521452.117326,171035
1659521452.155557,170979
1659521452.198055,170988
1659521452.240553,171019
1659521452.278785,171058
1659521452.317016,171084
1659521452.355247,171067
1659521452.393478,171004
1659521452.43171,170949
1659521452.469941,170935
1659521452.511927,171032
1659521452.553913,171134
1659521452.592486,171198
1659521452.631058,171257
1659521452.669631,171314
1659521452.711617,171289
1659521452.753603,171179
1659521452.792858,171122
1659521452.832114,171132
1659521452.871369,171097
1659521452.913355,171070
1659521452.955341,171102
1659521452.993572,171129
1659521453.031804,171106
1659521453.070035,171029
1659521453.112533,170917
1659521453.155031,170899
1659521453.199407,170988
1659521453.243782,171061
1659521453.288158,171118
1659521453.326389,171217
1659521453.36462,171266
1659521453.402852,171265
1659521453.444325,171314
1659521453.4858,171438
1659521453.525055,171534
1659521453.56431,171559
1659521453.603565,171459
1659521453.64504,171211
1659521453.686514,171050
1659521453.725769,170988
1659521453.765024,170942
1659521453.80428,170941
1659521453.843194,170932
1659521453.882107,171005
1659521453.921021,171018
1659521453.962496,170929
1659521454.003969,170864
1659521454.043225,170903
1659521454.08248,170997
1659521454.121735,171118
1659521454.163722,171284
1659521454.205708,171459
1659521454.243939,171664
1659521454.28217,171853
1659521454.320401,171943
1659521454.358974,171979
1659521454.397547,172104
1659521454.436119,172255
1659521454.478617,172412
1659521454.521115,172521
1659521454.562589,172207
1659521454.604064,171746
1659521454.642295,171402
1659521454.680526,171310
1659521454.718757,171264
1659521454.759105,171211
1659521454.799453,171283
1659521454.8398,171367
1659521454.880148,171389
1659521454.920496,171396
1659521454.961457,171409
1659521455.002419,171388
1659521455.040992,171388
1659521455.079565,171488
1659521455.118137,171580
1659521455.162854,171678
1659521455.207571,171775
1659521455.252288,171825
1659521455.28557,171832
1659521455.318851,171889
1659521455.362885,171934
1659521455.40692,171977
1659521455.450954,172045
1659521455.491916,171947
1659521455.532878,171700
1659521455.571451,171516
1659521455.610023,171450
1659521455.648596,171419
1659521455.687168,171395
1659521455.725741,171435
1659521455.764314,171469
1659521455.806812,171466
1659521455.84931,171474
1659521455.887882,171485
1659521455.926455,171535
1659521455.965028,171600
1659521456.006502,171632
1659521456.047976,171695
1659521456.087572,171762
1659521456.127169,171845
1659521456.166766,171905
1659521456.205338,171968
1659521456.243911,172048
1659521456.282484,172106
1659521456.32447,172128
1659521456.366456,172097
1659521456.405711,171893
1659521456.444966,171650
1659521456.484222,171531
1659521456.525184,171502
1659521456.566146,171451
1659521456.604718,171427
1659521456.643291,171484
1659521456.681864,171573
1659521456.724362,171585
1659521456.76686,171571
1659521456.811235,171550
1659521456.855611,171590
1659521456.899987,171631
1659521456.932756,171659
1659521456.965526,171696
1659521457.010584,171730
1659521457.055642,171762
1659521457.1007,171775
1659521457.139614,171826
1659521457.178528,171876
1659521457.217442,171910
1659521457.258916,171932
1659521457.30039,171908
1659521457.339987,171751
1659521457.379584,171514
1659521457.41918,171361
1659521457.460142,171325
1659521457.501105,171363
1659521457.538994,171454
1659521457.576884,171541
1659521457.614774,171543
1659521457.653688,171540
1659521457.692602,171599
1659521457.731516,171641
1659521457.773502,171667
1659521457.815488,171720
1659521457.853719,171760
1659521457.891951,171757
1659521457.930182,171733
1659521457.971144,171723
1659521458.012106,171787
1659521458.05102,171867
1659521458.089934,171980
1659521458.128848,172079
1659521458.167762,172195
1659521458.206676,172290
1659521458.24559,172332
1659521458.287064,172218
1659521458.328538,172122
1659521458.370524,172122
1659521458.41251,172146
1659521458.451083,172169
1659521458.489655,172204
1659521458.528228,172185
1659521458.572603,172000
1659521458.616979,171782
1659521458.661355,171669
1659521458.695148,171674
1659521458.728942,171762
1659521458.772976,171864
1659521458.81701,171929
1659521458.861044,172000
1659521458.899958,172075
1659521458.938872,172145
1659521458.977786,172222
1659521459.01926,172258
1659521459.060735,172261
1659521459.099648,172260
1659521459.138562,172158
1659521459.177476,171999
1659521459.216049,171928
1659521459.254622,171932
1659521459.293194,171944
1659521459.33518,171954
1659521459.377166,171974
1659521459.416422,171998
1659521459.455677,171957
1659521459.494932,171856
1659521459.536406,171786
1659521459.57788,171715
1659521459.617136,171672
1659521459.656391,171674
1659521459.695646,171669
1659521459.73456,171710
1659521459.773474,171758
1659521459.812388,171832
1659521459.85335,171934
1659521459.894312,172108
1659521459.936298,172329
1659521459.978284,172481
1659521460.018018,172459
1659521460.057751,172280
1659521460.097484,171989
1659521460.137217,171770
1659521460.17695,171660
1659521460.215864,171612
1659521460.254778,171586
1659521460.293692,171578
1659521460.336702,171524
1659521460.379713,171479
1659521460.418285,171425
1659521460.456858,171453
1659521460.49543,171554
1659521460.536392,171682
1659521460.577354,171828
1659521460.622071,171991
1659521460.666788,172112
1659521460.711505,172150
1659521460.745299,172195
1659521460.779093,172220
1659521460.823127,172194
1659521460.867161,172149
1659521460.911195,172113
1659521460.949768,172094
1659521460.98834,171863
1659521461.026913,171652
1659521461.065144,171554
1659521461.103375,171516
1659521461.141607,171489
1659521461.182057,171529
1659521461.222507,171634
1659521461.261762,171686
1659521461.301017,171754
1659521461.340272,171819
1659521461.378504,171877
1659521461.416735,171956
1659521461.454966,172090
1659521461.496952,172242
1659521461.538939,172262
1659521461.577852,172223
1659521461.616766,172283
1659521461.65568,172378
1659521461.697154,172396
1659521461.738628,172327
1659521461.777201,172268
1659521461.815774,172180
1659521461.854346,171921
1659521461.896844,171709
1659521461.939342,171623
1659521461.977915,171583
1659521462.016488,171550
1659521462.05506,171569
1659521462.09551,171618
1659521462.13596,171636
1659521462.180677,171638
1659521462.225394,171644
1659521462.270111,171668
1659521462.308684,171685
1659521462.347256,171716
1659521462.385829,171747
1659521462.427303,171844
1659521462.468777,171954
1659521462.508374,172037
1659521462.54797,172047
1659521462.587567,172112
1659521462.629041,172202
1659521462.670515,172207
1659521462.709429,172155
1659521462.748343,171978
1659521462.787257,171703
1659521462.826854,171540
1659521462.86645,171480
1659521462.906047,171499
1659521462.948033,171478
1659521462.990019,171508
1659521463.02825,171566
1659521463.066482,171598
1659521463.104713,171636
1659521463.146187,171623
1659521463.187661,171644
1659521463.226916,171670
1659521463.266171,171701
1659521463.305427,171709
1659521463.343658,171719
1659521463.381889,171732
1659521463.42012,171774
1659521463.461083,171838
1659521463.502045,171954
1659521463.544031,172087
1659521463.586017,172177
1659521463.624931,172254
1659521463.663845,172209
1659521463.702759,172073
1659521463.747134,171980
1659521463.79151,171918
1659521463.835885,171894
1659521463.869167,171851
1659521463.902449,171862
1659521463.946824,171872
1659521463.9912,171822
1659521464.035575,171815
1659521464.069369,171840
1659521464.103163,171874
1659521464.14788,171871
1659521464.192596,171863
1659521464.237314,171896
1659521464.275545,172023
1659521464.313776,172217
1659521464.352007,172329
1659521464.392969,172413
1659521464.433931,172470
1659521464.472504,172433
1659521464.511076,172350
1659521464.549649,172147
1659521464.591635,171847
1659521464.633621,171650
1659521464.672194,171631
1659521464.710767,171639
1659521464.749339,171631
1659521464.788253,171689
1659521464.827167,171784
1659521464.866081,171884
1659521464.908067,171908
1659521464.950053,171919
1659521464.988284,171959
1659521465.026515,172075
1659521465.064747,172150
1659521465.106733,172106
1659521465.148719,172055
1659521465.188316,172037
1659521465.227912,172047
1659521465.267509,172056
1659521465.306833,172099
1659521465.346156,172186
1659521465.38548,172244
1659521465.424803,172341
1659521465.464127,172389
1659521465.507137,172230
1659521465.550147,171927
1659521465.588378,171751
1659521465.62661,171620
1659521465.664841,171542
1659521465.709216,171539
1659521465.753592,171521
1659521465.797967,171509
1659521465.839954,171497
1659521465.88194,171511
1659521465.920854,171525
1659521465.959768,171577
1659521465.998682,171610
1659521466.040668,171642
1659521466.082654,171688
1659521466.12225,171741
1659521466.161847,171773
1659521466.201444,171797
1659521466.240358,171827
1659521466.279272,171860
1659521466.318186,171891
1659521466.358636,171917
1659521466.399086,171956
1659521466.438341,171886
1659521466.477596,171661
1659521466.516851,171508
1659521466.558838,171467
1659521466.600824,171434
1659521466.639055,171447
1659521466.677286,171487
1659521466.715518,171516
1659521466.754431,171531
1659521466.793345,171548
1659521466.832259,171579
1659521466.873733,171600
1659521466.915207,171684
1659521466.954121,171721
1659521466.993035,171765
1659521467.031949,171811
1659521467.073935,171825
1659521467.115921,171889
1659521467.154494,171955
1659521467.193067,171998
1659521467.231639,172024
1659521467.273113,172083
1659521467.314587,172050
1659521467.358963,171859
1659521467.403338,171701
1659521467.447714,171683
1659521467.480996,171729
1659521467.514277,171746
1659521467.553601,171751
1659521467.592925,171707
1659521467.632248,171691
1659521467.671572,171762
1659521467.710895,171862
1659521467.753393,171897
1659521467.795892,171856
1659521467.834464,171837
1659521467.873037,171822
1659521467.911609,171832
1659521467.952059,171894
1659521467.992509,171914
1659521468.037568,171941
1659521468.082626,172012
1659521468.127684,172110
1659521468.160966,172157
1659521468.194247,172219
1659521468.238964,172192
1659521468.283681,171974
1659521468.328398,171761
1659521468.36168,171613
1659521468.394961,171539
1659521468.439678,171431
1659521468.484395,171403
1659521468.529112,171517
1659521468.567343,171607
1659521468.605575,171591
1659521468.643806,171641
1659521468.686304,171732
1659521468.728802,171787
1659521468.767375,171850
1659521468.805947,171927
1659521468.84452,171953
1659521468.885482,171954
1659521468.926444,171970
1659521468.965358,172019
1659521469.004272,172067
1659521469.043186,172179
1659521469.082783,172240
1659521469.122379,172129
1659521469.161976,171882
1659521469.202938,171730
1659521469.2439,171671
1659521469.282814,171624
1659521469.321728,171520
1659521469.360642,171462
1659521469.400238,171484
1659521469.439835,171551
1659521469.479432,171535
1659521469.520906,171478
1659521469.56238,171537
1659521469.603854,171634
1659521469.645328,171744
1659521469.684242,171836
1659521469.723156,171900
1659521469.76207,171953
1659521469.805763,172011
1659521469.849456,172083
1659521469.893148,172149
1659521469.92643,172173
1659521469.959712,172224
1659521470.004087,172247
1659521470.048463,172019
1659521470.092838,171750
1659521470.125608,171586
1659521470.158378,171527
1659521470.202753,171507
1659521470.247129,171495
1659521470.291504,171511
1659521470.33076,171533
1659521470.370015,171534
1659521470.40927,171520
1659521470.451256,171539
1659521470.493242,171575
1659521470.532976,171659
1659521470.572709,171751
1659521470.612442,171804
1659521470.652175,171864
1659521470.691908,171907
1659521470.730481,171931
1659521470.769053,171972
1659521470.807626,172013
1659521470.8491,172045
1659521470.890574,172095
1659521470.929147,172118
1659521470.96772,172019
1659521471.006292,171744
1659521471.044865,171554
1659521471.083437,171447
1659521471.12201,171396
1659521471.16246,171363
1659521471.20291,171430
1659521471.241824,171538
1659521471.280738,171634
1659521471.319652,171626
1659521471.361638,171570
1659521471.403624,171624
1659521471.442197,171717
1659521471.480769,171769
1659521471.519342,171842
1659521471.561328,171905
1659521471.603314,171956
1659521471.642569,171953
1659521471.681824,171970
1659521471.72108,171971
1659521471.762554,172027
1659521471.804028,172098
1659521471.848745,172046
1659521471.893462,171816
1659521471.938179,171636
1659521471.977434,171578
1659521472.016689,171553
1659521472.055944,171545
1659521472.096907,171588
1659521472.137869,171630
1659521472.176441,171611
1659521472.215014,171577
1659521472.253587,171575
1659521472.296085,171624
1659521472.338583,171813
1659521472.376814,171965
1659521472.415045,172000
1659521472.453276,171895
1659521472.49219,171801
1659521472.531104,171830
1659521472.570018,171895
1659521472.612004,171978
1659521472.653991,172027
1659521472.692563,172115
1659521472.731136,172184
1659521472.769708,172121
1659521472.811694,171878
1659521472.85368,171693
1659521472.892936,171717
1659521472.932191,171794
1659521472.971446,171741
1659521473.009678,171693
1659521473.047909,171631
1659521473.08614,171577
1659521473.127102,171501
1659521473.168064,171484
1659521473.206978,171492
1659521473.245892,171506
1659521473.284806,171589
1659521473.325768,171654
1659521473.36673,171674
1659521473.410764,171664
1659521473.454798,171706
1659521473.498833,171779
1659521473.532115,171871
1659521473.565396,171936
1659521473.610113,171964
1659521473.65483,171952
1659521473.699547,171725
1659521473.733341,171462
1659521473.767134,171275
1659521473.811168,171238
1659521473.855202,171287
1659521473.899237,171440
1659521473.938151,171602
1659521473.977065,171639
1659521474.015979,171656
1659521474.057453,171681
1659521474.098927,171650
1659521474.138182,171605
1659521474.177437,171564
1659521474.216693,171606
1659521474.257655,171629
1659521474.298617,171605
1659521474.337531,171630
1659521474.376445,171686
1659521474.415359,171804
1659521474.45359,171932
1659521474.491821,172025
1659521474.530052,171862
1659521474.569308,171592
1659521474.608563,171502
1659521474.647818,171492
1659521474.689292,171454
1659521474.730766,171409
1659521474.77224,171478
1659521474.813715,171577
1659521474.853311,171619
1659521474.892908,171612
1659521474.932504,171606
1659521474.976539,171622
1659521475.020573,171645
1659521475.064607,171682
1659521475.097889,171702
1659521475.13117,171748
1659521475.176229,171798
1659521475.221287,171819
1659521475.266345,171856
1659521475.299115,171907
1659521475.331884,171948
1659521475.375919,171959
1659521475.419953,171827
1659521475.463987,171538
1659521475.502901,171390
1659521475.541815,171423
1659521475.580729,171518
1659521475.623227,171547
1659521475.665725,171494
1659521475.703615,171355
1659521475.741505,171288
1659521475.779395,171309
1659521475.821893,171403
1659521475.864391,171461
1659521475.906889,171559
1659521475.949387,171683
1659521475.986253,171827
1659521476.023119,171973
1659521476.059985,172055
1659521476.096851,172114
1659521476.136447,172106
1659521476.176044,172100
1659521476.215641,172101
1659521476.257115,171969
1659521476.298589,171709
1659521476.339039,171580
1659521476.379489,171589
1659521476.418403,171595
1659521476.457317,171610
1659521476.496231,171606
1659521476.540265,171588
1659521476.584299,171562
1659521476.628333,171549
1659521476.661103,171537
1659521476.693872,171505
1659521476.738248,171578
1659521476.782624,171654
1659521476.826999,171758
1659521476.860281,171776
1659521476.893563,171769
1659521476.937597,171827
1659521476.981631,171884
1659521477.025665,171982
1659521477.065262,172074
1659521477.104858,172165
1659521477.144455,172084
1659521477.185929,171827
1659521477.227403,171634
1659521477.265976,171576
1659521477.304549,171540
1659521477.343121,171495
1659521477.385107,171536
1659521477.427093,171723
1659521477.46669,171823
1659521477.506287,171804
1659521477.545883,171782
1659521477.584114,171731
1659521477.622346,171697
1659521477.660577,171719
1659521477.702051,171802
1659521477.743525,171879
1659521477.782439,171895
1659521477.821353,171882
1659521477.860267,171901
1659521477.902253,171955
1659521477.944239,172000
1659521477.982812,172020
1659521478.021384,172027
1659521478.059957,171891
1659521478.101943,171766
1659521478.143929,171721
1659521478.183184,171733
1659521478.22244,171768
1659521478.261695,171735
1659521478.303169,171701
1659521478.344643,171617
1659521478.383557,171529
1659521478.422471,171468
1659521478.461385,171484
1659521478.503883,171605
1659521478.546381,171692
1659521478.590074,171810
1659521478.633767,171837
1659521478.67746,171875
1659521478.716374,171931
1659521478.755288,172024
1659521478.794202,172128
1659521478.836188,172223
1659521478.878174,172255
1659521478.916746,172042
1659521478.955319,171677
1659521478.993892,171462
1659521479.032464,171361
1659521479.071037,171342
1659521479.109609,171361
1659521479.151083,171455
1659521479.192558,171491
1659521479.231472,171459
1659521479.270386,171471
1659521479.309299,171407
1659521479.351285,171412
1659521479.393272,171495
1659521479.432527,171584
1659521479.471782,171588
1659521479.511037,171610
1659521479.54961,171656
1659521479.588183,171664
1659521479.626755,171653
1659521479.667205,171729
1659521479.707655,171777
1659521479.746911,171807
1659521479.786166,171708
1659521479.825421,171519
1659521479.866895,171347
1659521479.908369,171345
1659521479.952404,171442
1659521479.996438,171537
1659521480.040472,171493
1659521480.073754,171403
1659521480.107035,171318
1659521480.151411,171306
1659521480.195786,171368
1659521480.240162,171487
1659521480.272932,171605
1659521480.305701,171698
1659521480.350418,171780
1659521480.395135,171843
1659521480.439852,171882
1659521480.478766,171920
1659521480.51768,171944
1659521480.556594,171958
1659521480.597556,171958
1659521480.638518,171769
1659521480.678114,171528
1659521480.717711,171445
1659521480.757308,171458
1659521480.799294,171455
1659521480.84128,171467
1659521480.87917,171526
1659521480.91706,171558
1659521480.95495,171557
1659521480.994205,171570
1659521481.03346,171587
1659521481.072716,171600
1659521481.11419,171648
1659521481.155664,171710
1659521481.197138,171769
1659521481.238612,171825
1659521481.277526,171884
1659521481.31644,171952
1659521481.355354,172027
1659521481.39734,172093
1659521481.439326,172027
1659521481.477899,171715
1659521481.516471,171468
1659521481.555044,171350
1659521481.597542,171291
1659521481.64004,171234
1659521481.679295,171257
1659521481.71855,171313
1659521481.757806,171359
1659521481.796378,171382
1659521481.834951,171393
1659521481.873524,171440
1659521481.914486,171489
1659521481.955448,171567
1659521481.995044,171607
1659521482.034641,171654
1659521482.074238,171724
1659521482.114688,171781
1659521482.155138,171856
1659521482.199513,171901
1659521482.243889,171829
1659521482.288264,171550
1659521482.321034,171328
1659521482.353804,171250
1659521482.397838,171223
1659521482.441872,171205
1659521482.485906,171254
1659521482.52482,171315
1659521482.563734,171360
1659521482.602648,171367
1659521482.644634,171353
1659521482.68662,171378
1659521482.725193,171416
1659521482.763766,171469
1659521482.802338,171489
1659521482.843812,171507
1659521482.885286,171572
1659521482.924541,171625
1659521482.963797,171701
1659521483.003052,171742
1659521483.041625,171645
1659521483.080197,171359
1659521483.11877,171143
1659521483.15922,171082
1659521483.19967,171048
1659521483.238243,171054
1659521483.276815,171110
1659521483.315388,171156
1659521483.357374,171177
1659521483.39936,171171
1659521483.437932,171194
1659521483.476505,171237
1659521483.515078,171334
1659521483.553992,171416
1659521483.592906,171467
1659521483.631819,171553
1659521483.674318,171628
1659521483.716816,171675
1659521483.758802,171714
1659521483.800788,171820
1659521483.839361,171830
1659521483.877933,171627
1659521483.916506,171394
1659521483.961223,171275
1659521484.00594,171228
1659521484.050657,171207
1659521484.083426,171213
1659521484.116196,171258
1659521484.16023,171328
1659521484.204264,171343
1659521484.248298,171367
1659521484.282604,171384
1659521484.31691,171422
1659521484.360944,171478
1659521484.404978,171557
1659521484.449013,171636
1659521484.487585,171669
1659521484.526158,171681
1659521484.56473,171675
1659521484.606204,171716
1659521484.647678,171772
1659521484.686592,171800
1659521484.725506,171753
1659521484.76442,171498
1659521484.806406,171210
1659521484.848392,171072
1659521484.887648,171028
1659521484.926903,170992
1659521484.966158,170977
1659521485.005072,171074
1659521485.043986,171173
1659521485.0829,171225
1659521485.123862,171232
1659521485.164824,171252
1659521485.20408,171362
1659521485.243335,171429
1659521485.28259,171489
1659521485.325088,171629
1659521485.367586,171742
1659521485.405476,171845
1659521485.443366,171898
1659521485.481256,171974
1659521485.52273,172023
1659521485.564204,171928
1659521485.602777,171648
1659521485.64135,171368
1659521485.679922,171243
1659521485.721396,171199
1659521485.76287,171261
1659521485.801784,171411
1659521485.840698,171490
1659521485.879612,171425
1659521485.924329,171302
1659521485.969046,171217
1659521486.013763,171205
1659521486.054725,171268
1659521486.095687,171348
1659521486.134601,171433
1659521486.173515,171492
1659521486.212429,171538
1659521486.254927,171606
1659521486.297425,171686
1659521486.336544,171807
1659521486.375663,171921
1659521486.414781,171961
1659521486.4539,171739
1659521486.493019,171361
1659521486.527324,171126
1659521486.56163,171073
1659521486.605664,171063
1659521486.649698,171045
1659521486.693733,171071
1659521486.732305,171128
1659521486.770878,171162
1659521486.809451,171162
1659521486.851437,171159
1659521486.893423,171187
1659521486.932337,171248
1659521486.971251,171302
1659521487.010164,171372
1659521487.052151,171422
1659521487.094137,171478
1659521487.133392,171518
1659521487.172647,171543
1659521487.211903,171582
1659521487.250817,171632
1659521487.289731,171684
1659521487.328645,171666
1659521487.369606,171431
1659521487.410569,171128
1659521487.450165,170966
1659521487.489762,170896
1659521487.529359,170873
1659521487.570321,170888
1659521487.611283,170934
1659521487.650197,170963
1659521487.689111,170964
1659521487.728024,170945
1659521487.768986,170941
1659521487.809949,171009
1659521487.849545,171158
1659521487.889142,171275
1659521487.928739,171380
1659521487.969701,171506
1659521488.010663,171605
1659521488.049577,171650
1659521488.08849,171631
1659521488.127404,171643
1659521488.172121,171738
1659521488.216838,171796
1659521488.261555,171729
1659521488.302517,171433
1659521488.343479,171198
1659521488.382735,171130
1659521488.42199,171161
1659521488.461245,171261
1659521488.503231,171449
1659521488.545217,171553
1659521488.583449,171518
1659521488.62168,171379
1659521488.659911,171172
1659521488.698484,170962
1659521488.737056,170877
1659521488.775629,170917
1659521488.817103,170996
1659521488.858577,171113
1659521488.897491,171256
1659521488.936405,171414
1659521488.975319,171608
1659521489.013209,171761
1659521489.051099,171917
1659521489.088989,172008
1659521489.130975,171918
1659521489.172961,171497
1659521489.211875,171007
1659521489.250789,170704
1659521489.289703,170481
1659521489.331177,170380
1659521489.372651,170387
1659521489.412247,170463
1659521489.451844,170550
1659521489.491441,170556
1659521489.533427,170587
1659521489.575413,170637
1659521489.619106,170723
1659521489.662799,170866
1659521489.706491,170918
1659521489.740285,170975
1659521489.774079,171016
1659521489.818455,171087
1659521489.86283,171157
1659521489.907206,171226
1659521489.945095,171285
1659521489.982985,171287
1659521490.020875,171107
1659521490.061837,170775
1659521490.102799,170496
1659521490.142396,170391
1659521490.181993,170418
1659521490.221589,170474
1659521490.25982,170541
1659521490.298052,170579
1659521490.336283,170596
1659521490.378781,170582
1659521490.421279,170514
1659521490.460535,170519
1659521490.49979,170565
1659521490.539045,170658
1659521490.580519,170745
1659521490.621993,170920
1659521490.661248,171050
1659521490.700504,171057
1659521490.739759,170993
1659521490.782257,170975
1659521490.824755,170962
1659521490.862987,170834
1659521490.901218,170690
1659521490.939449,170531
1659521490.978363,170287
1659521491.017277,169973
1659521491.056191,169830
1659521491.097665,169913
1659521491.139139,170000
1659521491.183173,170048
1659521491.227207,170115
1659521491.271242,170229
1659521491.304523,170337
1659521491.337805,170508
1659521491.382863,170709
1659521491.427922,170939
1659521491.47298,170970
1659521491.505237,170929
1659521491.537495,170784
1659521491.577638,170710
1659521491.617781,170769
1659521491.657923,170883
1659521491.698066,170849
1659521491.738209,170538
1659521491.779683,170244
1659521491.821157,170066
1659521491.86485,169924
1659521491.908543,169842
1659521491.952236,169850
1659521491.99115,169940
1659521492.030064,169973
1659521492.068978,169996
1659521492.110964,170038
1659521492.15295,170088
1659521492.191181,170160
1659521492.229412,170242
1659521492.267644,170349
1659521492.306216,170444
1659521492.344789,170522
1659521492.383361,170589
1659521492.424835,170625
1659521492.46631,170646
1659521492.505224,170645
1659521492.544137,170477
1659521492.583051,170207
1659521492.624526,170042
1659521492.665999,169978
1659521492.704913,169928
1659521492.743827,169934
1659521492.782741,169990
1659521492.821997,170025
1659521492.861252,170047
1659521492.900507,170052
1659521492.941981,170076
1659521492.983455,170142
1659521493.022711,170214
1659521493.061966,170275
1659521493.101221,170364
1659521493.142183,170429
1659521493.183145,170488
1659521493.221377,170536
1659521493.259608,170577
1659521493.297839,170646
1659521493.340337,170700
1659521493.382835,170741
1659521493.427211,170617
1659521493.471586,170280
1659521493.515962,170077
1659521493.549244,169958
1659521493.582525,169877
1659521493.627242,169799
1659521493.671959,169783
1659521493.716676,169849
1659521493.75559,169883
1659521493.794504,169891
1659521493.833418,169908
1659521493.875404,169910
1659521493.91739,169968
1659521493.956645,170122
1659521493.995901,170398
1659521494.035156,170547
1659521494.07663,170608
1659521494.118104,170654
1659521494.156335,170624
1659521494.194567,170642
1659521494.232798,170645
1659521494.271712,170571
1659521494.310626,170576
1659521494.34954,170611
1659521494.392038,170432
1659521494.434536,170114
1659521494.472426,169930
1659521494.510316,169971
1659521494.548206,170068
1659521494.58712,170154
1659521494.626034,170232
1659521494.664948,170275
1659521494.706933,170311
1659521494.74892,170342
1659521494.787151,170368
1659521494.825382,170410
1659521494.863613,170402
1659521494.906111,170347
1659521494.94861,170277
1659521494.990596,170314
1659521495.032582,170365
1659521495.070813,170408
1659521495.109044,170569
1659521495.147276,170852
1659521495.19131,171142
1659521495.235344,171373
1659521495.279378,171220
1659521495.313684,170812
1659521495.34799,170371
1659521495.392024,170150
1659521495.436058,170095
1659521495.480092,170159
1659521495.518665,170163
1659521495.557237,170249
1659521495.59581,170301
1659521495.637284,170246
1659521495.678758,170160
1659521495.71699,170126
1659521495.755221,170126
1659521495.793452,170132
1659521495.834926,170166
1659521495.8764,170172
1659521495.915997,170226
1659521495.955593,170275
1659521495.99519,170320
1659521496.033763,170387
1659521496.072335,170474
1659521496.110908,170550
1659521496.152894,170658
1659521496.19488,170811
1659521496.234477,170799
1659521496.274073,170454
1659521496.31367,170177
1659521496.354632,170037
1659521496.395594,169977
1659521496.434167,169925
1659521496.472739,169913
1659521496.511312,170002
1659521496.552786,169998
1659521496.59426,169933
1659521496.633515,169921
1659521496.672771,170013
1659521496.712026,170096
1659521496.752988,170165
1659521496.79395,170208
1659521496.834298,170291
1659521496.874645,170363
1659521496.914993,170389
1659521496.95534,170461
1659521496.995688,170536
1659521497.034943,170645
1659521497.074199,170789
1659521497.113454,170893
1659521497.154928,170811
1659521497.196402,170519
1659521497.24146,170334
1659521497.286519,170244
1659521497.331577,170220
1659521497.364347,170221
1659521497.397116,170282
1659521497.44115,170349
1659521497.485185,170378
1659521497.529219,170407
1659521497.563012,170426
1659521497.596806,170447
1659521497.64084,170487
1659521497.684875,170571
1659521497.728909,170602
1659521497.767481,170635
1659521497.806054,170728
1659521497.844627,170749
1659521497.886101,170834
1659521497.927575,170900
1659521497.966489,170960
1659521498.005403,170909
1659521498.044317,170682
1659521498.08323,170521
1659521498.122144,170440
1659521498.161058,170430
1659521498.20202,170374
1659521498.242982,170404
1659521498.282238,170443
1659521498.321493,170439
1659521498.360748,170451
1659521498.402222,170440
1659521498.443696,170498
1659521498.48261,170538
1659521498.521524,170596
1659521498.560438,170673
1659521498.601912,170729
1659521498.643387,170776
1659521498.681618,170797
1659521498.719849,170858
1659521498.75808,170918
1659521498.800066,170991
1659521498.842052,171022
1659521498.881308,170963
1659521498.920563,170690
1659521498.959818,170428
1659521499.003511,170296
1659521499.047204,170171
1659521499.090897,170105
1659521499.123667,170095
1659521499.156436,170135
1659521499.201494,170135
1659521499.246553,170107
1659521499.291611,170118
1659521499.324893,170113
1659521499.358174,170197
1659521499.40255,170234
1659521499.446925,170276
1659521499.491301,170348
1659521499.530898,170397
1659521499.570494,170435
1659521499.610091,170457
1659521499.650541,170528
1659521499.690991,170571
1659521499.729563,170627
1659521499.768136,170664
1659521499.806709,170533
1659521499.849719,170270
1659521499.892729,170093
1659521499.93096,170033
1659521499.969192,170034
1659521500.007423,170004
1659521500.045995,170086
1659521500.084568,170159
1659521500.123141,170168
1659521500.165127,170181
1659521500.207113,170212
1659521500.245685,170262
1659521500.284258,170307
1659521500.32283,170387
1659521500.364817,170444
1659521500.406803,170502
1659521500.446058,170558
1659521500.485313,170612
1659521500.524569,170659
1659521500.566043,170734
1659521500.607517,170799
1659521500.646089,170850
1659521500.684662,170760
1659521500.723235,170498
1659521500.765733,170244
1659521500.808231,170132
1659521500.852265,170063
1659521500.896299,170034
1659521500.940333,170066
1659521500.978565,170118
1659521501.016796,170124
1659521501.055027,170125
1659521501.096501,170157
1659521501.137975,170203
1659521501.176548,170270
1659521501.215121,170341
1659521501.253693,170430
1659521501.295167,170484
1659521501.336641,170529
1659521501.375896,170600
1659521501.415152,170638
1659521501.454407,170683
1659521501.49298,170732
1659521501.531552,170791
1659521501.570125,170848
1659521501.608697,170880
1659521501.64727,170716
1659521501.685843,170357
1659521501.727829,170098
1659521501.769815,169989
1659521501.808729,169905
1659521501.847643,169832
1659521501.886557,169853
1659521501.927519,169896
1659521501.968481,169928
1659521502.007053,169950
1659521502.045626,170003
1659521502.084199,170090
1659521502.124341,170189
1659521502.164484,170295
1659521502.204627,170356
1659521502.24477,170395
1659521502.284913,170431
1659521502.326131,170466
1659521502.367349,170507
1659521502.408567,170597
1659521502.449785,170610
1659521502.491771,170593
1659521502.533757,170633
1659521502.572671,170731
1659521502.611585,170736
1659521502.650499,170534
1659521502.689754,170240
1659521502.72901,170104
1659521502.768265,170096
1659521502.810763,170107
1659521502.853261,170150
1659521502.892175,170318
1659521502.931089,170471
1659521502.970003,170545
1659521503.010965,170588
1659521503.051927,170570
1659521503.096303,170496
1659521503.140678,170507
1659521503.185054,170609
1659521503.217823,170761
1659521503.250593,170874
1659521503.294627,170870
1659521503.338661,170840
1659521503.382696,170859
1659521503.417001,170921
1659521503.451307,170990
1659521503.495341,171081
1659521503.539375,171140
1659521503.58341,171021
1659521503.622324,170674
1659521503.661237,170398
1659521503.700151,170270
1659521503.742138,170201
1659521503.784124,170217
1659521503.823379,170330
1659521503.862634,170437
1659521503.90189,170387
1659521503.943364,170340
1659521503.984838,170442
1659521504.024093,170601
1659521504.063348,170668
1659521504.102604,170704
1659521504.140835,170754
1659521504.179066,170829
1659521504.217297,170897
1659521504.258771,170964
1659521504.300246,171038
1659521504.339501,171117
1659521504.378756,171166
1659521504.418011,171251
1659521504.458973,171339
1659521504.499935,171403
1659521504.537825,171391
1659521504.575715,171138
1659521504.613605,170846
1659521504.656103,170604
1659521504.698601,170403
1659521504.737515,170266
1659521504.776429,170315
1659521504.815343,170433
1659521504.856305,170469
1659521504.897267,170447
1659521504.936523,170451
1659521504.975778,170503
1659521505.015033,170593
1659521505.05975,170713
1659521505.104467,170816
1659521505.149184,170950
1659521505.181954,171055
1659521505.214723,171155
1659521505.25944,171244
1659521505.304157,171299
1659521505.348874,171358
1659521505.390348,171472
1659521505.431822,171611
1659521505.469712,171579
1659521505.507602,171305
1659521505.545492,171012
1659521505.584747,170858
1659521505.624002,170810
1659521505.663258,170786
1659521505.705244,170788
1659521505.74723,170784
1659521505.785802,170786
1659521505.824375,170807
1659521505.862948,170805
1659521505.902203,170750
1659521505.941458,170682
1659521505.980714,170679
1659521506.0227,170768
1659521506.064686,170931
1659521506.1036,171208
1659521506.142514,171323
1659521506.181427,171172
1659521506.223414,171009
1659521506.2654,171116
1659521506.304314,171352
1659521506.343228,171490
1659521506.382142,171415
1659521506.426176,171106
1659521506.47021,170728
1659521506.514244,170441
1659521506.547014,170253
1659521506.579783,170149
1659521506.624501,170191
1659521506.669217,170277
1659521506.713934,170379
1659521506.747216,170431
1659521506.780498,170463
1659521506.824873,170549
1659521506.869249,170610
1659521506.913624,170680
1659521506.952879,170755
1659521506.992135,170810
1659521507.03139,170859
1659521507.072352,170891
1659521507.113314,170927
1659521507.15257,170985
1659521507.191825,171041
1659521507.23108,171121
1659521507.273066,171194
1659521507.315052,171239
1659521507.354376,171112
1659521507.393699,170897
1659521507.433023,170704
1659521507.472347,170601
1659521507.51167,170570
1659521507.550925,170589
1659521507.590181,170651
1659521507.629436,170696
1659521507.66835,170708
1659521507.707264,170689
1659521507.746178,170726
1659521507.786628,170800
1659521507.827078,170874
1659521507.86565,170929
1659521507.904223,170997
1659521507.942796,171031
1659521507.985294,171060
1659521508.027792,171126
1659521508.066365,171173
1659521508.104937,171246
1659521508.14351,171323
1659521508.188227,171317
1659521508.232944,171089
1659521508.27766,170776
1659521508.311454,170603
1659521508.345248,170526
1659521508.389282,170454
1659521508.433316,170447
1659521508.47735,170488
1659521508.519336,170534
1659521508.561323,170571
1659521508.600578,170563
1659521508.639833,170565
1659521508.679089,170619
1659521508.71732,170717
1659521508.755551,170811
1659521508.793782,170872
1659521508.834744,170957
1659521508.875706,170958
1659521508.914962,170967
1659521508.954217,170989
1659521508.993472,171026
1659521509.034946,171096
1659521509.07642,171176
1659521509.114993,171216
1659521509.153566,170999
1659521509.192138,170708
1659521509.231735,170540
1659521509.271332,170491
1659521509.310928,170430
1659521509.352402,170424
1659521509.393876,170502
1659521509.43279,170536
1659521509.471704,170543
1659521509.510618,170564
1659521509.553116,170594
1659521509.595614,170600
1659521509.633846,170695
1659521509.672077,170811
1659521509.710308,170905
1659521509.75127,171017
1659521509.792232,171036
1659521509.836949,171053
1659521509.881666,171103
1659521509.926383,171186
1659521509.959665,171254
1659521509.992946,171298
1659521510.036639,171176
1659521510.080332,170938
1659521510.124025,170763
1659521510.163621,170782
1659521510.203218,170823
1659521510.242815,170862
1659521510.284289,170943
1659521510.325763,170989
1659521510.363994,170951
1659521510.402225,170917
1659521510.440457,170917
1659521510.482955,170899
1659521510.525453,170868
1659521510.564367,170981
1659521510.603281,171183
1659521510.642195,171273
1659521510.680426,171330
1659521510.718657,171358
1659521510.756888,171422
1659521510.797851,171524
1659521510.838813,171638
1659521510.878068,171704
1659521510.917323,171665
1659521510.956578,171392
1659521510.997029,171034
1659521511.037478,170849
1659521511.076051,170806
1659521511.114624,170738
1659521511.153196,170710
1659521511.191769,170734
1659521511.230341,170758
1659521511.268914,170730
1659521511.3109,170710
1659521511.352886,170729
1659521511.39436,170759
1659521511.435834,170819
1659521511.474748,170902
1659521511.513662,170969
1659521511.552576,170988
1659521511.596952,171039
1659521511.641327,171090
1659521511.685703,171105
1659521511.719497,171118
1659521511.75329,171153
1659521511.798349,171219
1659521511.843407,171238
1659521511.888465,171102
1659521511.921235,170764
1659521511.954004,170549
1659521511.998039,170512
1659521512.042073,170447
1659521512.086107,170420
1659521512.125021,170514
1659521512.163935,170618
1659521512.202849,170643
1659521512.244835,170693
1659521512.286821,170753
1659521512.325394,170828
1659521512.363966,170869
1659521512.402539,170913
1659521512.444525,170989
1659521512.486511,171054
1659521512.525425,171104
1659521512.564339,171165
1659521512.603253,171194
1659521512.644983,171244
1659521512.686713,171300
1659521512.728443,171369
1659521512.770173,171427
1659521512.808063,171251
1659521512.845953,170910
1659521512.883843,170646
1659521512.921733,170615
1659521512.962183,170679
1659521513.002633,170760
1659521513.041205,170827
1659521513.079778,170892
1659521513.118351,170910
1659521513.161361,170796
1659521513.204371,170699
1659521513.242261,170719
1659521513.280151,170886
1659521513.318041,171070
1659521513.358491,171215
1659521513.398941,171263
1659521513.438537,171309
1659521513.478134,171369
1659521513.51773,171336
1659521513.561765,171245
1659521513.605799,171172
1659521513.649833,171137
1659521513.691819,171202
1659521513.733805,171225
1659521513.772719,171190
1659521513.811633,170879
1659521513.850547,170604
1659521513.88912,170556
1659521513.927692,170560
1659521513.966265,170571
1659521514.006715,170597
1659521514.047165,170644
1659521514.08642,170682
1659521514.125676,170727
1659521514.164931,170732
1659521514.203504,170722
1659521514.242076,170741
1659521514.280649,170766
1659521514.321611,170824
1659521514.362573,170892
1659521514.401828,170952
1659521514.441083,170988
1659521514.480339,171032
1659521514.521301,171118
1659521514.562263,171192
1659521514.601518,171264
1659521514.640773,171355
1659521514.680029,171436
1659521514.722015,171360
1659521514.764001,171027
1659521514.802573,170778
1659521514.841146,170675
1659521514.879719,170638
1659521514.924094,170621
1659521514.96847,170662
1659521515.012845,170736
1659521515.047151,170748
1659521515.081457,170769
1659521515.126174,170753
1659521515.170891,170769
1659521515.215607,170830
1659521515.256058,170901
1659521515.296508,170977
1659521515.335763,171016
1659521515.375018,171115
1659521515.414274,171133
1659521515.452846,171196
1659521515.491419,171310
1659521515.529991,171354
1659521515.571977,171339
1659521515.613963,171279
1659521515.652877,171286
1659521515.691791,171063
1659521515.730705,170774
1659521515.772691,170628
1659521515.814677,170651
1659521515.85325,170628
1659521515.891823,170569
1659521515.930395,170586
1659521515.969651,170629
1659521516.008906,170695
1659521516.048161,170740
1659521516.090659,170857
1659521516.133157,170993
1659521516.17173,170995
1659521516.210303,170983
1659521516.248875,171013
1659521516.289837,171051
1659521516.330799,171087
1659521516.369372,171139
1659521516.407944,171218
1659521516.446517,171292
1659521516.488503,171349
1659521516.530489,171410
1659521516.574523,171457
1659521516.618558,171486
1659521516.662592,171269
1659521516.701164,170934
1659521516.739737,170791
1659521516.77831,170758
1659521516.819272,170774
1659521516.860234,170756
1659521516.899148,170737
1659521516.938062,170771
1659521516.976976,170830
1659521517.019474,170816
1659521517.061972,170863
1659521517.100544,170957
1659521517.139117,170985
1659521517.17769,170980
1659521517.216604,171128
1659521517.255517,171267
1659521517.294431,171314
1659521517.335906,171375
1659521517.37738,171412
1659521517.416294,171517
1659521517.455208,171583
1659521517.494122,171527
1659521517.535596,171505
1659521517.57707,171481
1659521517.615983,171257
1659521517.654897,171040
1659521517.693811,171011
1659521517.732725,171019
1659521517.771639,170963
1659521517.810553,171001
1659521517.850491,171129
1659521517.890429,171212
1659521517.930367,171188
1659521517.970305,171235
1659521518.010243,171389
1659521518.05496,171405
1659521518.099677,171305
1659521518.144394,171290
1659521518.185356,171375
1659521518.226318,171476
1659521518.265574,171565
1659521518.304829,171646
1659521518.344084,171683
1659521518.383339,171719
1659521518.422595,171787
1659521518.46185,171860
1659521518.503836,171828
1659521518.545822,171539
1659521518.584736,171176
1659521518.62365,170955
1659521518.662564,170899
1659521518.704038,170863
1659521518.745512,170851
1659521518.783402,170884
1659521518.821292,170939
1659521518.859182,170977
1659521518.898437,170968
1659521518.937692,170985
1659521518.976948,171011
1659521519.018934,171075
1659521519.06092,171142
1659521519.099151,171196
1659521519.137382,171249
1659521519.175614,171269
1659521519.2176,171327
1659521519.259586,171405
1659521519.2985,171467
1659521519.337414,171546
1659521519.376328,171631
1659521519.417802,171567
1659521519.459276,171278
1659521519.49819,171065
1659521519.537104,170972
1659521519.576018,171001
1659521519.61698,171016
1659521519.657942,171070
1659521519.701976,171128
1659521519.74601,171187
1659521519.790044,171205
1659521519.828617,171185
1659521519.867189,171218
1659521519.905762,171284
1659521519.944335,171398
1659521519.982907,171474
1659521520.02148,171555
1659521520.062954,171621
1659521520.104428,171681
1659521520.143342,171721
1659521520.182256,171757
1659521520.22117,171766
1659521520.260425,171791
1659521520.29968,171736
1659521520.338936,171429
1659521520.379898,171169
1659521520.42086,171063
1659521520.460115,171009
1659521520.499371,170985
1659521520.538626,170990
1659521520.580612,171011
1659521520.622598,171033
1659521520.66117,171044
1659521520.699743,171035
1659521520.738316,171035
1659521520.778766,171093
1659521520.819216,171170
1659521520.858812,171227
1659521520.898409,171277
1659521520.938006,171321
1659521520.978968,171385
1659521521.01993,171414
1659521521.064305,171448
1659521521.108681,171491
1659521521.153056,171551
1659521521.19197,171599
1659521521.230884,171528
1659521521.269798,171209
1659521521.311272,170972
1659521521.352746,170919
1659521521.392002,170897
1659521521.431257,170901
1659521521.470512,170931
1659521521.512498,170962
1659521521.554485,170971
1659521521.593399,170983
1659521521.632313,170998
1659521521.671227,171009
1659521521.71014,171073
1659521521.749054,171162
1659521521.787968,171225
1659521521.830466,171259
1659521521.872965,171300
1659521521.911878,171376
1659521521.950792,171465
1659521521.989706,171541
1659521522.030156,171542
1659521522.070606,171522
1659521522.109179,171406
1659521522.147752,171180
1659521522.186324,171046
1659521522.22558,170927
1659521522.264835,170853
1659521522.30409,170838
1659521522.345564,170870
1659521522.387038,170839
1659521522.425611,170780
1659521522.464183,170811
1659521522.502756,170881
1659521522.545254,171006
1659521522.587752,171127
1659521522.629738,171246
1659521522.671725,171390
1659521522.709956,171528
1659521522.748187,171681
1659521522.786418,171820
1659521522.831135,171906
1659521522.875852,171966
1659521522.920569,171950
1659521522.953339,171983
1659521522.986108,171977
1659521523.030142,171860
1659521523.074177,171561
1659521523.118211,171277
1659521523.158149,171121
1659521523.198087,171049
1659521523.238025,170980
1659521523.277963,170931
1659521523.317901,170968
1659521523.355791,170993
1659521523.393681,170902
1659521523.431571,170835
1659521523.473557,170966
1659521523.515543,171189
1659521523.554798,171375
1659521523.594053,171484
1659521523.633309,171478
1659521523.674783,171435
1659521523.716257,171436
1659521523.755512,171455
1659521523.794767,171478
1659521523.834023,171503
1659521523.872936,171526
1659521523.91185,171586
1659521523.950764,171687
1659521523.991726,171712
1659521524.032689,171492
1659521524.071944,171290
1659521524.111199,171132
1659521524.150455,171072
1659521524.192441,171065
1659521524.234427,171089
1659521524.272999,171156
1659521524.311572,171223
1659521524.350144,171319
1659521524.391618,171400
1659521524.433093,171407
1659521524.472007,171394
1659521524.510921,171436
1659521524.549834,171492
1659521524.591309,171547
1659521524.632782,171553
1659521524.672038,171563
1659521524.711293,171602
1659521524.750548,171666
1659521524.792535,171777
1659521524.834521,171859
1659521524.878896,171937
1659521524.923272,171962
1659521524.967647,171776
1659521525.006561,171452
1659521525.045475,171211
1659521525.084389,171079
1659521525.126887,171008
1659521525.169385,170985
1659521525.207617,171005
1659521525.245848,171038
1659521525.284079,171018
1659521525.325041,171030
1659521525.366003,171077
1659521525.404917,171133
1659521525.443831,171246
1659521525.482745,171480
1659521525.521659,171703
1659521525.560573,171820
1659521525.599487,171934
1659521525.640449,172049
1659521525.681411,172159
1659521525.720666,172324
1659521525.759922,172417
1659521525.799177,172435
1659521525.837749,172470
1659521525.876322,172480
1659521525.914895,172380
1659521525.956881,172003
1659521525.998867,171523
1659521526.037781,171261
1659521526.076695,171101
1659521526.115609,170894
1659521526.157083,170770
1659521526.198557,170795
1659521526.239519,170872
1659521526.280481,170912
1659521526.319736,170958
1659521526.358992,171004
1659521526.398247,171100
1659521526.442281,171164
1659521526.486315,171195
1659521526.530349,171264
1659521526.563119,171334
1659521526.595889,171402
1659521526.639923,171460
1659521526.683957,171550
1659521526.727991,171642
1659521526.766905,171714
1659521526.805819,171768
1659521526.844733,171682
1659521526.886719,171427
1659521526.928705,171189
1659521526.967619,171064
1659521527.006533,170998
1659521527.045447,171024
1659521527.086921,171105
1659521527.128395,171168
1659521527.167651,171188
1659521527.206906,171203
1659521527.246161,171211
1659521527.284393,171273
1659521527.322624,171359
1659521527.360855,171458
1659521527.403353,171530
1659521527.445851,171595
1659521527.484424,171662
1659521527.522996,171701
1659521527.561569,171765
1659521527.602531,171879
1659521527.643493,171904
1659521527.682749,171864
1659521527.722004,171726
1659521527.761259,171401
1659521527.803757,171080
1659521527.846255,170932
1659521527.884145,170917
1659521527.922035,170888
1659521527.959925,170938
1659521528.002423,170998
1659521528.044921,171017
1659521528.083835,170975
1659521528.122749,170948
1659521528.161663,170948
1659521528.206039,170985
1659521528.250414,171040
1659521528.29479,171107
1659521528.328583,171186
1659521528.362377,171250
1659521528.404107,171280
1659521528.445837,171333
1659521528.487567,171378
1659521528.529298,171476
1659521528.56787,171524
1659521528.606443,171510
1659521528.645015,171362
1659521528.686489,171092
1659521528.727963,170889
1659521528.765853,170779
1659521528.803743,170769
1659521528.841633,170742
1659521528.885667,170766
1659521528.929702,170818
1659521528.973736,170841
1659521529.007529,170855
1659521529.041323,170932
1659521529.085699,171144
1659521529.130074,171430
1659521529.17445,171446
1659521529.213364,171162
1659521529.252278,170960
1659521529.291192,170927
1659521529.333178,170955
1659521529.375164,170950
1659521529.413736,171006
1659521529.452309,171116
1659521529.490882,171167
1659521529.532356,170987
1659521529.57383,170788
1659521529.612744,170772
1659521529.651658,170803
1659521529.690572,170736
1659521529.728803,170688
1659521529.767034,170684
1659521529.805265,170655
1659521529.846227,170629
1659521529.887189,170593
1659521529.926103,170582
1659521529.965017,170573
1659521530.003931,170623
1659521530.045917,170717
1659521530.087903,170802
1659521530.126476,170914
1659521530.165049,171062
1659521530.203621,171281
1659521530.245607,171444
1659521530.287593,171559
1659521530.326507,171559
1659521530.365421,171421
1659521530.404335,171191
1659521530.446321,170815
1659521530.488307,170529
1659521530.527563,170433
1659521530.566818,170407
1659521530.606073,170351
1659521530.650449,170314
1659521530.694824,170332
1659521530.7392,170448
1659521530.77965,170852
1659521530.8201,170943
1659521530.859014,170991
1659521530.897928,171118
1659521530.936842,171161
1659521530.97934,171175
1659521531.021838,171202
1659521531.060069,171370
1659521531.098301,171520
1659521531.136532,171738
1659521531.175104,171727
1659521531.213677,171702
1659521531.25225,171752
1659521531.294236,171762
1659521531.336222,171813
1659521531.375136,171756
1659521531.41405,171537
1659521531.452964,171299
1659521531.494438,171166
1659521531.535912,171049
1659521531.575167,170920
1659521531.614423,170878
1659521531.653678,170926
1659521531.692592,170949
1659521531.731506,170933
1659521531.77042,170912
1659521531.812406,170924
1659521531.854392,171021
1659521531.893306,171112
1659521531.93222,171204
1659521531.971134,171300
1659521532.012096,171358
1659521532.053058,171437
1659521532.090948,171516
1659521532.128838,171603
1659521532.166728,171656
1659521532.209226,171752
1659521532.251724,171743
1659521532.295758,171525
1659521532.339792,171159
1659521532.383826,170899
1659521532.416596,170718
1659521532.449366,170660
1659521532.493741,170602
1659521532.538117,170629
1659521532.582492,170692
1659521532.621747,170676
1659521532.661003,170671
1659521532.700258,170645
1659521532.738489,170612
1659521532.776721,170670
1659521532.814952,170722
1659521532.85745,170788
1659521532.899948,170859
1659521532.938862,170944
1659521532.977776,171020
1659521533.01669,171057
1659521533.05714,171127
1659521533.09759,171148
1659521533.136504,171212
1659521533.175418,171294
1659521533.214332,171288
1659521533.252904,171037
1659521533.291477,170639
1659521533.33005,170373
1659521533.371524,170257
1659521533.412998,170177
1659521533.452595,170143
1659521533.492191,170180
1659521533.531788,170203
1659521533.573774,170216
1659521533.61576,170202
1659521533.655903,170177
1659521533.696046,170225
1659521533.736188,170273
1659521533.776331,170355
1659521533.816474,170425
1659521533.85846,170506
1659521533.900446,170563
1659521533.939019,170616
1659521533.977591,170678
1659521534.016164,170724
1659521534.05815,170767
1659521534.100136,170846
1659521534.13905,170903
1659521534.177964,170971
1659521534.216878,170968
1659521534.258352,170762
1659521534.299826,170378
1659521534.338057,170185
1659521534.376289,170077
1659521534.41452,170059
1659521534.459237,170060
1659521534.503954,170117
1659521534.548671,170194
1659521534.590657,170207
1659521534.632643,170211
1659521534.671215,170216
1659521534.709788,170292
1659521534.748361,170336
1659521534.787616,170413
1659521534.826871,170500
1659521534.866127,170579
1659521534.907601,170657
1659521534.949075,170747
1659521534.987647,170798
1659521535.02622,170852
1659521535.064792,170933
1659521535.107291,171010
1659521535.149789,171088
1659521535.188361,171183
1659521535.226934,171196
1659521535.265507,170937
1659521535.303738,170572
1659521535.341969,170312
1659521535.3802,170220
1659521535.421162,170175
1659521535.462124,170137
1659521535.501379,170169
1659521535.540635,170213
1659521535.57989,170226
1659521535.620852,170202
1659521535.661814,170194
1659521535.700728,170248
1659521535.739642,170315
1659521535.778556,170391
1659521535.82003,170478
1659521535.861504,170562
1659521535.901101,170633
1659521535.940697,170678
1659521535.980294,170734
1659521536.021256,170798
1659521536.062218,170859
1659521536.107276,170924
1659521536.152335,170992
1659521536.197393,171067
1659521536.235624,171092
1659521536.273855,170921
1659521536.312087,170521
1659521536.353049,170224
1659521536.394011,170106
1659521536.433266,170052
1659521536.472522,169994
1659521536.511777,170029
1659521536.552739,170074
1659521536.593701,170127
1659521536.632273,170099
1659521536.670846,170113
1659521536.709419,170139
1659521536.748674,170199
1659521536.787929,170304
1659521536.827184,170377
1659521536.869683,170449
1659521536.912181,170507
1659521536.951095,170600
1659521536.990009,170634
1659521537.028923,170687
1659521537.070397,170752
1659521537.111871,170802
1659521537.151468,170849
1659521537.191064,170926
1659521537.230661,170928
1659521537.268892,170659
1659521537.307123,170371
1659521537.345355,170215
1659521537.387853,170171
1659521537.430351,170203
1659521537.472337,170231
1659521537.514323,170317
1659521537.552213,170358
1659521537.590103,170358
1659521537.627993,170351
1659521537.672368,170382
1659521537.716744,170447
1659521537.761119,170540
1659521537.795425,170620
1659521537.829731,170699
1659521537.873424,170788
1659521537.917116,170863
1659521537.960809,170910
1659521537.999723,170983
1659521538.038637,171049
1659521538.077551,171091
1659521538.119537,171148
1659521538.161523,171190
1659521538.199754,171048
1659521538.237986,170713
1659521538.276217,170420
1659521538.317691,170278
1659521538.359165,170211
1659521538.398762,170166
1659521538.438359,170181
1659521538.477955,170224
1659521538.515845,170263
1659521538.553735,170239
1659521538.591625,170238
1659521538.632587,170262
1659521538.673549,170332
1659521538.712121,170403
1659521538.750694,170474
1659521538.789267,170531
1659521538.831253,170617
1659521538.873239,170643
1659521538.912972,170641
1659521538.952705,170698
1659521538.992439,170804
1659521539.032172,170956
1659521539.071905,171114
1659521539.110477,171268
1659521539.14905,171241
1659521539.187623,170855
1659521539.229609,170380
1659521539.271595,170088
1659521539.31085,169981
1659521539.350106,169918
1659521539.389361,169954
1659521539.434078,170058
1659521539.478795,170118
1659521539.523511,170170
1659521539.555769,170205
1659521539.588027,170235
1659521539.632744,170225
1659521539.67746,170263
1659521539.722177,170347
1659521539.764163,170427
1659521539.806149,170468
1659521539.844381,170482
1659521539.882612,170515
1659521539.920843,170553
1659521539.959757,170619
1659521539.998671,170721
1659521540.037585,170863
1659521540.079571,170971
1659521540.121557,170980
1659521540.160471,170722
1659521540.199385,170355
1659521540.238299,170189
1659521540.280285,170119
1659521540.322271,170099
1659521540.361185,170148
1659521540.400099,170213
1659521540.439013,170269
1659521540.477927,170281
1659521540.516841,170309
1659521540.555755,170358
1659521540.597741,170388
1659521540.639727,170494
1659521540.6783,170644
1659521540.716872,170868
1659521540.755445,170945
1659521540.796407,170889
1659521540.837369,170935
1659521540.875942,170921
1659521540.914514,171005
1659521540.953087,171185
1659521540.995585,171210
1659521541.038083,170962
1659521541.076997,170610
1659521541.115911,170427
1659521541.154825,170321
1659521541.198518,170222
1659521541.242211,170231
1659521541.285904,170385
1659521541.32789,170544
1659521541.369876,170644
1659521541.408448,170639
1659521541.447021,170677
1659521541.485594,170710
1659521541.52758,170736
1659521541.569566,170825
1659521541.608138,170915
1659521541.646711,170925
1659521541.685284,170894
1659521541.724539,170908
1659521541.763794,170953
1659521541.80305,171029
1659521541.843499,171118
1659521541.88395,171157
1659521541.922522,171221
1659521541.961095,171296
1659521541.999667,171163
1659521542.03824,170767
1659521542.076813,170410
1659521542.115385,170195
1659521542.156859,170086
1659521542.198333,170025
1659521542.237589,170054
1659521542.276844,170150
1659521542.316099,170181
1659521542.357573,170152
1659521542.399047,170147
1659521542.437279,170172
1659521542.47551,170281
1659521542.513741,170388
1659521542.556751,170497
1659521542.599761,170603
1659521542.638675,170687
1659521542.677589,170756
1659521542.716503,170770
1659521542.757977,170829
1659521542.799451,170901
1659521542.843827,170957
1659521542.888202,170971
1659521542.932578,171025
1659521542.966884,170946
1659521543.001189,170606
1659521543.045224,170260
1659521543.089258,170085
1659521543.133292,170042
1659521543.171865,169985
1659521543.210437,170042
1659521543.24901,170129
1659521543.287924,170256
1659521543.326838,170354
1659521543.365752,170377
1659521543.407226,170417
1659521543.4487,170452
1659521543.488297,170497
1659521543.527893,170523
1659521543.56749,170554
1659521543.609476,170591
1659521543.651462,170589
1659521543.690035,170621
1659521543.728607,170687
1659521543.76718,170776
1659521543.806435,170854
1659521543.84569,170980
1659521543.884946,171119
1659521543.927444,171219
1659521543.969942,171090
1659521544.008173,170760
1659521544.046404,170410
1659521544.084635,170303
1659521544.125598,170229
1659521544.16656,170243
1659521544.206498,170293
1659521544.246436,170401
1659521544.286374,170487
1659521544.326312,170520
1659521544.36625,170441
1659521544.410284,170391
1659521544.454318,170436
1659521544.498352,170547
1659521544.536925,170634
1659521544.575497,170693
1659521544.61407,170777
1659521544.655544,170824
1659521544.697018,170880
1659521544.735591,170977
1659521544.774163,171082
1659521544.812736,171170
1659521544.851991,171179
1659521544.891247,171124
1659521544.930502,170840
1659521544.971976,170588
1659521545.01345,170418
1659521545.052364,170373
1659521545.091278,170359
1659521545.130192,170366
1659521545.171666,170444
1659521545.21314,170494
1659521545.251713,170517
1659521545.290285,170532
1659521545.328858,170561
1659521545.36743,170608
1659521545.406003,170618
1659521545.444576,170704
1659521545.486562,170793
1659521545.528548,170876
1659521545.567462,170979
1659521545.606376,170965
1659521545.64529,170988
1659521545.686252,171072
1659521545.727214,171123
1659521545.771589,171166
1659521545.815965,171247
1659521545.86034,171294
1659521545.894646,170979
1659521545.928952,170584
1659521545.972986,170386
1659521546.01702,170302
1659521546.061054,170272
1659521546.094336,170311
1659521546.127618,170411
1659521546.171993,170463
1659521546.216369,170430
1659521546.260744,170416
1659521546.299658,170495
1659521546.338572,170567
1659521546.377486,170641
1659521546.419472,170600
1659521546.461458,170622
1659521546.500372,170728
1659521546.539286,170791
1659521546.5782,170829
1659521546.616773,170900
1659521546.655345,170961
1659521546.693918,170964
1659521546.735392,170985
1659521546.776866,171082
1659521546.816804,171037
1659521546.856742,170742
1659521546.89668,170436
1659521546.938154,170278
1659521546.979628,170171
1659521547.01786,170057
1659521547.056091,170023
1659521547.094322,170104
1659521547.133919,170210
1659521547.173515,170236
1659521547.213112,170221
1659521547.254586,170229
1659521547.29606,170315
1659521547.33651,170444
1659521547.37696,170514
1659521547.415874,170553
1659521547.454788,170501
1659521547.493702,170456
1659521547.537736,170501
1659521547.58177,170635
1659521547.625805,170726
1659521547.658574,170757
1659521547.691344,170789
1659521547.735719,170657
1659521547.780095,170345
1659521547.824471,170195
1659521547.85724,170084
1659521547.89001,169985
1659521547.934044,169901
1659521547.978078,169916
1659521548.022113,169994
1659521548.061368,170024
1659521548.100623,170036
1659521548.139879,170025
1659521548.181865,170083
1659521548.223851,170155
1659521548.262082,170226
1659521548.300313,170276
1659521548.338544,170313
1659521548.380531,170361
1659521548.422517,170398
1659521548.461089,170424
1659521548.499662,170490
1659521548.538234,170574
1659521548.576466,170653
1659521548.614697,170713
1659521548.652928,170641
1659521548.695426,170353
1659521548.737924,170147
1659521548.776838,170048
1659521548.815752,170000
1659521548.854666,169993
1659521548.895116,170108
1659521548.935566,170081
1659521548.974822,170045
1659521549.014077,170017
1659521549.053332,169939
1659521549.09583,169984
1659521549.138328,170160
1659521549.177242,170295
1659521549.216156,170404
1659521549.25507,170473
1659521549.296544,170576
1659521549.338018,170691
1659521549.378541,170815
1659521549.419065,170965
1659521549.459588,171153
1659521549.500111,171395
1659521549.540634,171256
1659521549.581157,170573
1659521549.62168,169994
1659521549.660594,169680
1659521549.699508,169672
1659521549.738422,169673
1659521549.780409,169612
1659521549.822395,169654
1659521549.860626,169740
1659521549.898857,169822
1659521549.937088,169918
1659521549.981464,170014
1659521550.02584,170098
1659521550.070215,170159
1659521550.103497,170142
1659521550.136778,170143
1659521550.181154,170224
1659521550.225529,170306
1659521550.269905,170347
1659521550.311891,170355
1659521550.353877,170429
1659521550.393132,170492
1659521550.432388,170559
1659521550.471643,170640
1659521550.510216,170624
1659521550.548788,170267
1659521550.587361,169806
1659521550.628323,169573
1659521550.669285,169507
1659521550.707858,169441
1659521550.74643,169412
1659521550.785003,169451
1659521550.826989,169483
1659521550.868975,169489
1659521550.907547,169537
1659521550.94612,169592
1659521550.984693,169666
1659521551.023607,169739
1659521551.062521,169791
1659521551.101434,169868
1659521551.142397,169993
1659521551.183359,170117
1659521551.22159,170239
1659521551.259821,170373
1659521551.298052,170472
1659521551.340551,170601
1659521551.383049,170705
1659521551.421963,170685
1659521551.460876,170395
1659521551.49979,169904
1659521551.540753,169613
1659521551.581715,169525
1659521551.62097,169489
1659521551.660225,169524
1659521551.699481,169567
1659521551.741979,169548
1659521551.784477,169415
1659521551.82817,169378
1659521551.871862,169452
1659521551.915555,169499
1659521551.954469,169565
1659521551.993383,169644
1659521552.032297,169706
1659521552.073771,169825
1659521552.115245,169990
1659521552.153818,170102
1659521552.19239,170154
1659521552.230963,170195
1659521552.272949,170282
1659521552.314935,170461
1659521552.354532,170636
1659521552.394129,170741
1659521552.433725,170690
1659521552.471956,170320
1659521552.510188,169787
1659521552.548419,169299
1659521552.590405,169061
1659521552.632391,168951
1659521552.672329,169069
1659521552.712267,169153
1659521552.752205,169217
1659521552.793679,169173
1659521552.835153,169105
1659521552.873726,169144
1659521552.912298,169247
1659521552.950871,169349
1659521552.989785,169449
1659521553.028699,169549
1659521553.067613,169613
1659521553.109087,169666
1659521553.150561,169739
1659521553.189134,169781
1659521553.227706,169834
1659521553.266279,169903
1659521553.307753,169995
1659521553.349227,170097
1659521553.393603,170161
1659521553.437978,169950
1659521553.482354,169639
1659521553.515635,169429
1659521553.548917,169387
1659521553.593975,169374
1659521553.639034,169340
1659521553.684092,169318
1659521553.716349,169303
1659521553.748607,169321
1659521553.792983,169325
1659521553.837358,169387
1659521553.881734,169520
1659521553.920648,169671
1659521553.959562,169767
1659521553.998476,169745
1659521554.040462,169729
1659521554.082448,169785
1659521554.120679,169874
1659521554.15891,169982
1659521554.197141,170094
1659521554.238616,170154
1659521554.28009,170117
1659521554.318662,170142
1659521554.357235,170033
1659521554.395807,169689
1659521554.434039,169421
1659521554.47227,169354
1659521554.510501,169331
1659521554.549757,169327
1659521554.589012,169384
1659521554.628267,169441
1659521554.671687,169449
1659521554.715106,169427
1659521554.758526,169440
1659521554.801946,169506
1659521554.845366,169565
1659521554.884621,169642
1659521554.923877,169704
1659521554.963132,169789
1659521555.004606,169866
1659521555.04608,169937
1659521555.084311,169962
1659521555.122542,170044
1659521555.160774,170115
1659521555.20037,170202
1659521555.239967,170225
1659521555.279564,170298
1659521555.320526,170286
1659521555.361488,169975
1659521555.40006,169686
1659521555.438633,169559
1659521555.477206,169547
1659521555.51868,169538
1659521555.560154,169572
1659521555.59975,169640
1659521555.639347,169682
1659521555.678944,169708
1659521555.717516,169716
1659521555.756089,169753
1659521555.794661,169830
1659521555.836135,169923
1659521555.877609,169973
1659521555.917206,170058
1659521555.956803,170135
1659521555.996399,170184
1659521556.037874,170250
1659521556.079348,170311
1659521556.11792,170369
1659521556.156493,170423
1659521556.195065,170510
1659521556.237051,170575
1659521556.279037,170431
1659521556.322731,170146
1659521556.366423,169927
1659521556.410116,169828
1659521556.443398,169823
1659521556.47668,169814
1659521556.521055,169872
1659521556.565431,169953
1659521556.609806,169996
1659521556.648379,170023
1659521556.686951,170027
1659521556.725524,170093
1659521556.766998,170143
1659521556.808472,170240
1659521556.847727,170302
1659521556.886983,170349
1659521556.926238,170438
1659521556.968224,170477
1659521557.01021,170545
1659521557.048441,170587
1659521557.086673,170638
1659521557.124904,170688
1659521557.1645,170741
1659521557.204097,170805
1659521557.243694,170851
1659521557.284656,170803
1659521557.325618,170475
1659521557.363508,170156
1659521557.401398,170014
1659521557.439288,169965
1659521557.478202,169952
1659521557.517116,169967
1659521557.55603,170046
1659521557.598016,170091
1659521557.640002,170096
1659521557.680452,170111
1659521557.720902,170123
1659521557.759816,170193
1659521557.79873,170266
1659521557.837644,170321
1659521557.87963,170384
1659521557.921616,170445
1659521557.960188,170506
1659521557.998761,170559
1659521558.037333,170607
1659521558.082392,170655
1659521558.12745,170726
1659521558.172508,170780
1659521558.20579,170850
1659521558.239072,170920
1659521558.283106,170957
1659521558.32714,170904
1659521558.371174,170581
1659521558.40548,170325
1659521558.439786,170219
1659521558.484503,170249
1659521558.529219,170276
1659521558.573936,170316
1659521558.612168,170397
1659521558.650399,170435
1659521558.68863,170449
1659521558.730104,170451
1659521558.771578,170489
1659521558.810492,170556
1659521558.849406,170613
1659521558.88832,170688
1659521558.927234,170744
1659521558.966148,170807
1659521559.005062,170857
1659521559.046536,170925
1659521559.08801,170968
1659521559.127265,171018
1659521559.166521,171076
1659521559.205776,171109
1659521559.246738,171165
1659521559.2877,171203
1659521559.326955,171046
1659521559.366211,170704
1659521559.405466,170509
1659521559.447452,170431
1659521559.489438,170401
1659521559.528011,170426
1659521559.566583,170457
1659521559.605156,170534
1659521559.646118,170566
1659521559.68708,170583
1659521559.726335,170585
1659521559.765591,170627
1659521559.804846,170695
1659521559.845808,170766
1659521559.88677,170812
1659521559.926503,170893
1659521559.966236,170950
1659521560.00597,171005
1659521560.045703,171022
1659521560.085436,171072
1659521560.127422,171108
1659521560.169408,171156
1659521560.208663,171190
1659521560.247919,171238
1659521560.287174,171287
1659521560.328136,171287
1659521560.369098,171049
1659521560.408354,170730
1659521560.447609,170586
1659521560.486864,170557
1659521560.530557,170544
1659521560.57425,170548
1659521560.617943,170587
1659521560.651224,170643
1659521560.684506,170644
1659521560.728882,170651
1659521560.773257,170670
1659521560.817633,170711
1659521560.859107,170778
1659521560.900581,170851
1659521560.938812,170906
1659521560.977043,170951
1659521561.015275,170996
1659521561.054871,171055
1659521561.094468,171084
1659521561.134064,171145
1659521561.175539,171187
1659521561.217013,171247
1659521561.255585,171300
1659521561.294158,171378
1659521561.33273,171295
1659521561.374717,170997
1659521561.416703,170800
1659521561.456299,170727
1659521561.495896,170730
1659521561.535492,170760
1659521561.573724,170819
1659521561.611955,170859
1659521561.650186,170900
1659521561.692684,170919
1659521561.735183,170927
1659521561.773755,170972
1659521561.812328,171024
1659521561.8509,171089
1659521561.892886,171148
1659521561.934872,171196
1659521561.973786,171237
1659521562.0127,171288
1659521562.051614,171344
1659521562.093088,171394
1659521562.134562,171447
1659521562.172794,171498
1659521562.211025,171557
1659521562.249256,171633
1659521562.291754,171634
1659521562.334253,171417
1659521562.379311,171108
1659521562.424369,170922
1659521562.469427,170881
1659521562.507658,170869
1659521562.54589,170855
1659521562.584121,170871
1659521562.625595,170921
1659521562.667069,170945
1659521562.706666,170936
1659521562.746262,170962
1659521562.785859,170979
1659521562.827333,171030
1659521562.868807,171085
1659521562.90738,171141
1659521562.945952,171185
1659521562.984525,171230
1659521563.023098,171280
1659521563.06167,171304
1659521563.100243,171352
1659521563.140693,171403
1659521563.181143,171463
1659521563.219374,171497
1659521563.257605,171546
1659521563.295837,171626
1659521563.335092,171646
1659521563.374347,171537
1659521563.413602,171190
1659521563.455076,170999
1659521563.496551,170914
1659521563.535465,170904
1659521563.574378,170899
1659521563.613292,170897
1659521563.655278,170954
1659521563.697265,170961
1659521563.739251,170963
1659521563.781237,170954
1659521563.819809,170980
1659521563.858382,171037
1659521563.896955,171095
1659521563.94133,171190
1659521563.985706,171242
1659521564.030081,171276
1659521564.062339,171334
1659521564.094597,171373
1659521564.138631,171423
1659521564.182665,171450
1659521564.226699,171520
1659521564.265613,171573
1659521564.304527,171643
1659521564.343441,171671
1659521564.385939,171460
1659521564.428437,171172
1659521564.466668,171041
1659521564.5049,171028
1659521564.543131,171019
1659521564.582386,171035
1659521564.621642,171072
1659521564.660897,171113
1659521564.702371,171121
1659521564.743845,171114
1659521564.7831,171105
1659521564.822356,171123
1659521564.861611,171183
1659521564.900525,171249
1659521564.939439,171306
1659521564.978353,171372
1659521565.020851,171401
1659521565.063349,171434
1659521565.10158,171472
1659521565.139812,171514
1659521565.178043,171551
1659521565.219773,171606
1659521565.261503,171647
1659521565.303233,171700
1659521565.344963,171737
1659521565.383536,171589
1659521565.422108,171251
1659521565.460681,171050
1659521565.501643,170968
1659521565.542605,170943
1659521565.582202,170923
1659521565.621798,170910
1659521565.661395,170916
1659521565.702869,170927
1659521565.744343,170948
1659521565.782574,171031
1659521565.820806,171064
1659521565.859037,171115
1659521565.903754,171183
1659521565.948471,171246
1659521565.993187,171309
1659521566.035174,171383
1659521566.07716,171455
1659521566.116074,171487
1659521566.154988,171544
1659521566.193902,171649
1659521566.232816,171691
1659521566.271729,171688
1659521566.310643,171716
1659521566.351605,171727
1659521566.392567,171569
1659521566.430457,171269
1659521566.468347,171148
1659521566.506237,171160
1659521566.545151,171165
1659521566.584065,171197
1659521566.622979,171273
1659521566.664965,171340
1659521566.706951,171364
1659521566.745183,171375
1659521566.783414,171364
1659521566.821645,171385
1659521566.863631,171437
1659521566.905617,171475
1659521566.944531,171514
1659521566.983445,171558
1659521567.022359,171596
1659521567.063833,171630
1659521567.105307,171715
1659521567.144562,171784
1659521567.183818,171847
1659521567.223073,171957
1659521567.264035,172026
1659521567.304997,171910
1659521567.343228,171599
1659521567.38146,171438
1659521567.419691,171398
1659521567.464408,171397
1659521567.509125,171387
1659521567.553842,171386
1659521567.59634,171465
1659521567.638838,171456
1659521567.677069,171421
1659521567.7153,171370
1659521567.753531,171342
1659521567.794494,171399
1659521567.835456,171454
1659521567.875052,171499
1659521567.914649,171571
1659521567.954246,171633
1659521567.992818,171655
1659521568.031391,171683
1659521568.069963,171722
1659521568.112462,171733
1659521568.15496,171771
1659521568.194215,171811
1659521568.23347,171717
1659521568.272726,171424
1659521568.313688,171250
1659521568.35465,171183
1659521568.393222,171184
1659521568.431795,171200
1659521568.470367,171210
1659521568.512866,171254
1659521568.555364,171268
1659521568.593595,171295
1659521568.631826,171305
1659521568.670057,171320
1659521568.70863,171372
1659521568.747203,171428
1659521568.785775,171454
1659521568.827249,171479
1659521568.868723,171512
1659521568.907979,171541
1659521568.947234,171547
1659521568.986489,171618
1659521569.027451,171635
1659521569.068413,171549
1659521569.11313,171327
1659521569.157847,171132
1659521569.202564,171042
1659521569.235334,171006
1659521569.268103,170988
1659521569.312479,171000
1659521569.356854,171024
1659521569.40123,171018
1659521569.440485,170990
1659521569.479741,170981
1659521569.518996,171030
1659521569.559958,171086
1659521569.60092,171137
1659521569.639151,171201
1659521569.677382,171280
1659521569.715614,171340
1659521569.756576,171381
1659521569.797538,171435
1659521569.836793,171490
1659521569.876048,171534
1659521569.915304,171574
1659521569.953876,171424
1659521569.992449,171130
1659521570.031022,170942
1659521570.072495,170853
1659521570.11397,170791
1659521570.153566,170730
1659521570.193163,170719
1659521570.232759,170713
1659521570.274746,170724
1659521570.316732,170723
1659521570.355304,170706
1659521570.393877,170682
1659521570.43245,170666
1659521570.472592,170671
1659521570.512735,170736
1659521570.552878,170773
1659521570.593021,170842
1659521570.633164,170877
1659521570.67515,170928
1659521570.717136,170952
1659521570.75605,170994
1659521570.794964,171026
1659521570.833878,171004
1659521570.875352,170783
1659521570.916826,170508
1659521570.954716,170371
1659521570.992606,170318
1659521571.030495,170266
1659521571.072994,170241
1659521571.115492,170276
1659521571.154406,170300
1659521571.19332,170250
1659521571.232234,170264
1659521571.273708,170261
1659521571.315182,170295
1659521571.359899,170339
1659521571.404616,170364
1659521571.449332,170410
1659521571.488929,170420
1659521571.528526,170451
1659521571.568122,170461
1659521571.609596,170499
1659521571.651071,170551
1659521571.689985,170605
1659521571.728899,170615
1659521571.767812,170425
1659521571.809798,170176
1659521571.851784,169945
1659521571.890016,169812
1659521571.928247,169743
1659521571.966478,169727
1659521572.005051,169748
1659521572.043623,169763
1659521572.082196,169754
1659521572.124694,169742
1659521572.167192,169751
1659521572.205082,169772
1659521572.242972,169813
1659521572.280862,169876
1659521572.322336,169969
1659521572.36381,169993
1659521572.402724,170045
1659521572.441638,170106
1659521572.480552,170146
1659521572.519125,170213
1659521572.557697,170289
1659521572.59627,170345
1659521572.638256,170356
1659521572.680242,170095
1659521572.722228,169779
1659521572.764214,169567
1659521572.802445,169415
1659521572.840677,169284
1659521572.878908,169207
1659521572.922942,169208
1659521572.966976,169224
1659521573.011011,169226
1659521573.045316,169205
1659521573.079622,169199
1659521573.123656,169248
1659521573.16769,169284
1659521573.211725,169340
1659521573.249956,169433
1659521573.288187,169493
1659521573.326418,169552
1659521573.368404,169585
1659521573.410391,169618
1659521573.449305,169644
1659521573.488218,169691
1659521573.527132,169755
1659521573.568606,169839
1659521573.61008,169907
1659521573.649336,169862
1659521573.688591,169563
1659521573.727846,169283
1659521573.76676,169130
1659521573.805674,169081
1659521573.844588,169071
1659521573.886062,169115
1659521573.927536,169187
1659521573.967133,169248
1659521574.00673,169227
1659521574.046326,169271
1659521574.087288,169314
1659521574.12825,169389
1659521574.167164,169487
1659521574.206078,169573
1659521574.244992,169658
1659521574.285954,169736
1659521574.326916,169830
1659521574.366513,169919
1659521574.40611,169954
1659521574.445706,170042
1659521574.486668,170110
1659521574.52763,170193
1659521574.566544,170274
1659521574.605458,170221
1659521574.644372,169898
1659521574.686358,169609
1659521574.728344,169452
1659521574.7676,169365
1659521574.806855,169298
1659521574.84611,169312
1659521574.890145,169393
1659521574.934179,169469
1659521574.978213,169494
1659521575.020199,169495
1659521575.062185,169502
1659521575.100416,169553
1659521575.138648,169634
1659521575.176879,169711
1659521575.215451,169789
1659521575.254024,169878
1659521575.292597,169954
1659521575.334071,170018
1659521575.375545,170091
1659521575.414459,170156
1659521575.453373,170216
1659521575.492287,170305
1659521575.532737,170357
1659521575.573187,170429
1659521575.612101,170325
1659521575.651015,170026
1659521575.689929,169716
1659521575.729867,169595
1659521575.769804,169562
1659521575.809742,169542
1659521575.849681,169564
1659521575.889619,169631
1659521575.928874,169671
1659521575.968129,169659
1659521576.007385,169635
1659521576.049371,169660
1659521576.091357,169739
1659521576.129246,169828
1659521576.167136,169913
1659521576.205026,170032
1659521576.249402,170106
1659521576.293777,170161
1659521576.338153,170245
1659521576.371947,170293
1659521576.40574,170387
1659521576.449433,170453
1659521576.493126,170544
1659521576.536819,170593
1659521576.575733,170429
1659521576.614647,170075
1659521576.653561,169872
1659521576.695547,169852
1659521576.737533,169813
1659521576.775764,169811
1659521576.813995,169866
1659521576.852227,169921
1659521576.894725,169948
1659521576.937223,169938
1659521576.976478,169941
1659521577.015733,169983
1659521577.054989,170030
1659521577.093903,170137
1659521577.132817,170194
1659521577.171731,170312
1659521577.213205,170328
1659521577.254679,170448
1659521577.294276,170484
1659521577.333872,170545
1659521577.373469,170617
1659521577.413919,170685
1659521577.454369,170746
1659521577.493283,170765
1659521577.532197,170577
1659521577.571111,170192
1659521577.612585,169957
1659521577.654059,169850
1659521577.693314,169785
1659521577.732569,169767
1659521577.771825,169831
1659521577.812787,169911
1659521577.853749,169951
1659521577.893004,169973
1659521577.932259,170023
1659521577.971515,170072
1659521578.01589,170155
1659521578.060266,170248
1659521578.104641,170314
1659521578.146116,170384
1659521578.187589,170457
1659521578.227186,170506
1659521578.266783,170560
1659521578.30638,170634
1659521578.347853,170720
1659521578.389328,170809
1659521578.427559,170861
1659521578.46579,170732
1659521578.504021,170456
1659521578.542935,170238
1659521578.581849,170218
1659521578.620763,170209
1659521578.662237,170228
1659521578.703711,170326
1659521578.742284,170389
1659521578.780857,170417
1659521578.819429,170443
1659521578.860391,170474
1659521578.901353,170509
1659521578.939926,170609
1659521578.978498,170689
1659521579.017071,170749
1659521579.055985,170814
1659521579.094899,170875
1659521579.133813,170920
1659521579.175799,170959
1659521579.217785,171018
1659521579.25704,171083
1659521579.296296,171170
1659521579.335551,171192
1659521579.377025,171014
1659521579.418499,170687
1659521579.462533,170429
1659521579.506567,170361
1659521579.550602,170317
1659521579.584907,170291
1659521579.619213,170331
1659521579.662906,170403
1659521579.706599,170439
1659521579.750292,170433
1659521579.783061,170438
1659521579.815831,170494
1659521579.860207,170535
1659521579.904582,170627
1659521579.948958,170667
1659521579.988213,170753
1659521580.027468,170795
1659521580.066724,170869
1659521580.108198,170905
1659521580.149672,170960
1659521580.188927,171019
1659521580.228182,171062
1659521580.267437,171134
1659521580.309424,171177
1659521580.35141,171010
1659521580.389982,170706
1659521580.428555,170508
1659521580.467128,170459
1659521580.506724,170428
1659521580.546321,170446
1659521580.585917,170506
1659521580.627903,170573
1659521580.66989,170576
1659521580.70778,170586
1659521580.745669,170612
1659521580.783559,170643
1659521580.825546,170732
1659521580.867532,170782
1659521580.908835,170836
1659521580.950138,170915
1659521580.991442,170966
1659521581.032745,171018
1659521581.074049,171051
1659521581.115352,171135
1659521581.154949,171187
1659521581.194545,171265
1659521581.234142,171255
1659521581.272714,170999
1659521581.311287,170714
1659521581.34986,170555
1659521581.390822,170506
1659521581.431784,170492
1659521581.47138,170478
1659521581.510977,170562
1659521581.550574,170600
1659521581.588805,170613
1659521581.627036,170623
1659521581.665267,170659
1659521581.707253,170719
1659521581.74924,170776
1659521581.788154,170864
1659521581.827068,170900
1659521581.865982,170948
1659521581.906944,171001
1659521581.947906,171043
1659521581.986137,171092
1659521582.024368,171161
1659521582.062599,171219
1659521582.105098,171263
1659521582.147596,171318
1659521582.185827,171260
1659521582.224058,170955
1659521582.262289,170640
1659521582.306324,170484
1659521582.350358,170433
1659521582.394392,170382
1659521582.427674,170385
1659521582.460955,170421
1659521582.505672,170466
1659521582.550389,170473
1659521582.595106,170496
1659521582.63658,170531
1659521582.678054,170575
1659521582.717309,170643
1659521582.756565,170683
1659521582.79582,170733
1659521582.834393,170800
1659521582.872965,170841
1659521582.911538,170872
1659521582.951988,170910
1659521582.992438,170958
1659521583.031352,171009
1659521583.070266,171057
1659521583.10918,171134
1659521583.151678,171127
1659521583.194176,170902
1659521583.232407,170640
1659521583.270638,170482
1659521583.30887,170447
1659521583.348125,170442
1659521583.38738,170457
1659521583.426636,170506
1659521583.468622,170536
1659521583.510608,170556
1659521583.549863,170571
1659521583.589118,170605
1659521583.628374,170670
1659521583.669848,170746
1659521583.711322,170793
1659521583.750577,170861
1659521583.789832,170943
1659521583.829088,170976
1659521583.87005,171044
1659521583.911012,171073
1659521583.950267,171140
1659521583.989522,171166
1659521584.028778,171259
1659521584.06974,171296
1659521584.110702,171248
1659521584.154736,170987
1659521584.19877,170675
1659521584.242804,170500
1659521584.281377,170415
1659521584.31995,170378
1659521584.358522,170347
1659521584.399996,170387
1659521584.44147,170436
1659521584.480384,170440
1659521584.519298,170448
1659521584.558212,170467
1659521584.599686,170507
1659521584.64116,170559
1659521584.680074,170618
1659521584.718988,170680
1659521584.757902,170737
1659521584.797158,170779
1659521584.836413,170825
1659521584.875668,170859
1659521584.917142,170897
1659521584.958616,170956
1659521584.99753,171012
1659521585.036444,171028
1659521585.075358,171075
1659521585.116832,171069
1659521585.158306,170821
1659521585.196537,170511
1659521585.234769,170351
1659521585.273,170276
1659521585.311573,170202
1659521585.350145,170210
1659521585.388718,170248
1659521585.431216,170277
1659521585.473714,170297
1659521585.514164,170296
1659521585.554614,170340
1659521585.593187,170400
1659521585.631759,170479
1659521585.670332,170527
1659521585.71539,170598
1659521585.760448,170652
1659521585.805506,170722
1659521585.838788,170768
1659521585.87207,170814
1659521585.916445,170855
1659521585.960821,170906
1659521586.005197,170974
1659521586.03899,171059
1659521586.072784,171048
1659521586.113161,170822
1659521586.153538,170543
1659521586.193915,170393
1659521586.234292,170320
1659521586.274668,170324
1659521586.315045,170297
1659521586.355422,170331
1659521586.396384,170367
1659521586.437346,170410
1659521586.47626,170469
1659521586.515174,170548
1659521586.554088,170651
1659521586.598805,170764
1659521586.643522,170849
1659521586.688239,170944
1659521586.72152,171050
1659521586.754802,171113
1659521586.798836,171169
1659521586.84287,171244
1659521586.886905,171355
1659521586.920698,171424
1659521586.954492,171462
1659521586.99955,171491
1659521587.044609,171465
1659521587.089667,171397
1659521587.128239,171092
1659521587.166812,170797
1659521587.205384,170658
1659521587.247371,170657
1659521587.289357,170442
1659521587.328271,171070
1659521587.367185,171240
1659521587.406099,170985
1659521587.447573,170947
1659521587.489047,171026
1659521587.527619,170991
1659521587.566192,171082
1659521587.604764,171162
1659521587.643678,171229
1659521587.682592,171298
1659521587.721506,171328
1659521587.761956,171407
1659521587.802407,171511
1659521587.841321,171580
1659521587.880234,171667
1659521587.919148,171743
1659521587.961646,171827
1659521588.004144,171860
1659521588.042717,171678
1659521588.08129,171369
1659521588.119862,171170
1659521588.160824,171100
1659521588.201787,171085
1659521588.2407,171191
1659521588.279614,171365
1659521588.318528,171392
1659521588.360514,171333
1659521588.4025,171322
1659521588.441073,171279
1659521588.479646,171227
1659521588.518218,171212
1659521588.562594,171243
1659521588.606969,171296
1659521588.651345,171454
1659521588.692307,171750
1659521588.733269,172019
1659521588.7715,172196
1659521588.809731,172210
1659521588.847963,172163
1659521588.887218,172151
1659521588.926473,172087
1659521588.965729,171935
1659521589.007715,171542
1659521589.049701,171226
1659521589.088615,171094
1659521589.127529,171023
1659521589.166443,170909
1659521589.208429,170898
1659521589.250415,170990
1659521589.290012,171077
1659521589.329608,171205
1659521589.369205,171338
1659521589.411191,171368
1659521589.453177,171274
1659521589.491408,171281
1659521589.529639,171358
1659521589.567871,171429
1659521589.607126,171390
1659521589.646381,171215
1659521589.685637,171113
1659521589.726087,171130
1659521589.766537,171224
1659521589.805451,171336
1659521589.844365,171462
1659521589.883279,171474
1659521589.925265,171299
1659521589.967251,171127
1659521590.011626,171050
1659521590.056002,171003
1659521590.100377,171018
1659521590.133147,171008
1659521590.165917,170975
1659521590.210975,170944
1659521590.256033,170918
1659521590.301091,170837
1659521590.334885,170684
1659521590.368679,170673
1659521590.413054,170802
1659521590.45743,170947
1659521590.501806,171006
1659521590.541061,171051
1659521590.580316,170977
1659521590.619571,170820
1659521590.660533,170789
1659521590.701495,170896
1659521590.740068,170986
1659521590.778641,171078
1659521590.817213,171093
1659521590.858687,170858
1659521590.900162,170609
1659521590.939075,170492
1659521590.977989,170311
1659521591.016903,170014
1659521591.054793,169730
1659521591.092683,169629
1659521591.130573,169514
1659521591.173071,169348
1659521591.215569,169206
1659521591.254483,169026
1659521591.293397,168603
